id,A429_FIFO_depth_bytes,A429_baud_rate_options_bps,A429_rx_channel_count,A429_tx_channel_count,AD_accuracy_current_percent_FS,AD_accuracy_description,AD_accuracy_voltage_percent_FS,AD_channel_count_differential,AD_channel_count_options,AD_channel_count_single_ended,AD_channel_group_size,AD_coupling_mode,AD_current_sampling_resistor_accuracy_percent,AD_current_sampling_resistor_ohm,AD_group_configurable_voltage_current,AD_input_current_ranges_mA,AD_input_modes,AD_input_voltage_programmable_ranges_V,AD_isolation_support,AD_resolution_bits,AD_sampling_rate_Hz,AFDX_channel_count,AFDX_hardware_protocol_stack,AFDX_port_count,AFDX_rx_buffer_depth_bytes,AFDX_tx_buffer_depth_bytes,BISSC_baud_rate_options_Hz,BISSC_channel_count,BISSC_data_width_bits_max,BISSC_data_width_bits_min,Bus_interface_type,CAN_FD_baud_rate_max_bps,CAN_FD_baud_rate_min_bps,CAN_FD_support,CAN_baud_rate_max_bps,CAN_baud_rate_min_bps,CAN_channel_count,CAN_isolation_voltage_V,Counter_bits,Counter_channel_count,Counter_max_input_frequency_Hz,Counter_reference_clock_Hz,Coupler_port_count,DA_accuracy_current_percent_FS,DA_accuracy_voltage_percent_FS,DA_channel_count,DA_isolation_support,DA_output_current_max_mA,DA_output_current_min_mA,DA_output_mode_configurable_switch,DA_output_mode_programmable,DA_output_voltage_max_V,DA_output_voltage_min_V,DA_resolution_bits,DA_slew_rate_V_per_us,DA_slew_rate_mA_per_us,DA_update_rate_Hz,DIO_configurable_as_counter,DIO_configurable_as_pulse_input,DIO_configurable_as_pwm,DIO_direction_group_size,DIO_interrupt_capability,DIO_isolation_support,DIO_isolation_voltage_V,DIO_logic_level,DIO_total_channel_count,DI_channel_count,DI_voltage_range_low_max_V,DI_voltage_range_low_min_V,DI_voltage_range_max_V,DI_voltage_range_min_V,DO_channel_count,DO_drive_current_mA,DO_is_relay,DO_manual_jumper_mode_switching,DO_output_value_retention_after_reset,DO_sink_current_max_mA,DO_voltage_range_low_max_V,DO_voltage_range_low_min_V,DO_voltage_range_max_V,DO_voltage_range_min_V,DPM_support,DeviceNet_support,Driver_support_linux,Driver_support_realtime,Driver_support_windows,Encoder_channel_count_differential,Encoder_channel_count_single_ended,Encoder_counter_bits,Encoder_direction_indicator_support,Encoder_hall_channel_count,Encoder_isolation_support,Encoder_max_input_frequency_Hz,Encoder_quadrature_channel_count,Encoder_signal_types_supported,Endat_baud_rate_options_Hz,Endat_channel_count,Endat_resolution_bits_max,Endat_resolution_bits_min,Endat_version,EtherCat_support,Ethernet_IEEE802_3x_support,Ethernet_channel_count,Ethernet_connector_type,Ethernet_speed_modes,FPGA_PS_ARM_cores,FPGA_PS_CPU_frequency_Hz,FPGA_PS_cache_L1_L2,FPGA_PS_external_memory_support,FPGA_PS_on_chip_ram_KB,FPGA_block_ram_Mb,FPGA_fiber_channel_count,FPGA_flip_flops,FPGA_logic_cells,FPGA_luts,FPGA_multipliers_MACCs,FPGA_transceivers_count_and_speed,Form_factor,I2C_address_space_bytes,I2C_channel_count,I2C_interface_type,Input_overvoltage_protection_V,LVDS_channel_count,LVDT_RVDT_accuracy_arcmin,LVDT_RVDT_channel_count,LVDT_RVDT_output_voltage_max_V,LVDT_RVDT_output_voltage_min_V,LVDT_RVDT_rdc_support,LVDT_RVDT_reference_frequency_max_Hz,LVDT_RVDT_reference_frequency_min_Hz,LVDT_RVDT_reference_voltage_V,MIL1553_channel_count,MIL1553_multifunction_support,MIL1553_operation_modes_supported,MIL1553_redundancy_support,Motion_enable_reset_channel_count,Motion_pulse_output_channel_count,Motion_pulse_output_type,Output_on_resistance_ohm,PCM_channel_count,PPS_input_channel_count,PPS_logic_levels_supported,PPS_oscillator_frequency_Hz,PPS_oscillator_stability_ppb,PPS_output_channel_count,PPS_sync_accuracy_ns,PSI5_channel_count,PWM_complementary_output_support,PWM_dead_zone_configurable,PWM_frequency_max_Hz,PWM_frequency_min_Hz,PWM_output_channel_count,Power_output_channel_count,Power_output_current_mA,Power_output_voltage_V,Profibus_DP_support,Profinet_support,Protocol_analysis_support,RDC_SDC_channel_count,RDC_SDC_coarse_fine_support,RDC_SDC_excitation_frequency_max_Hz,RDC_SDC_excitation_frequency_min_Hz,RDC_SDC_excitation_voltage_Vpp,RDC_SDC_input_signal_max_Vrms,RDC_SDC_input_signal_min_Vrms,RDC_SDC_mode_configurable,RDC_SDC_resolution_bits,RFM_FIFO_depth_bytes,RFM_baud_rate_bps,RFM_fiber_mode,RFM_fiber_transmission_distance_m,RFM_memory_size_bytes,RTD_accuracy_ohm_offset,RTD_accuracy_percent,RTD_channel_count,RTD_max_power_mW,RTD_resistance_max_ohm,RTD_resistance_min_ohm,RTD_resolution_bits,RTD_resolution_ohm,Relay_bounce_time_ms,Relay_max_current_mA,Relay_max_voltage_VDC,Relay_type,SENT_channel_count,SPI_channel_count,SPI_clock_frequency_Hz,SPI_data_width_bits,SPI_logic_level,SPI_master_slave_modes,SSI_baud_rate_options_Hz,SSI_channel_count,SSI_data_width_bits_max,SSI_data_width_bits_min,SSI_logic_level,SSI_measurement_interval_us,Supported_series,Termination_resistor_ohm,UART_FIFO_depth_bytes,UART_channel_count,UART_interface_types_supported,UART_isolation_support,UART_max_baud_rate_bps,brief_description,category,custom_current_range_max_mA,custom_current_range_min_mA,custom_voltage_range_max_V,custom_voltage_range_min_V,detailed_description,driver_support_linux,driver_support_realtime,driver_support_windows,endat22_flag_bits_options,endat22_recovery_time_max_us,endat22_recovery_time_min_us,i2c_fast_mode_plus_rate_Mbps,i2c_fast_mode_rate_kbps,i2c_standard_mode_rate_kbps,input_impedance_MOhm,input_impedance_accuracy_percent,input_impedance_kOhm,model,type
1,,,,,,,,,,16,,,,,,,,"[""±10V""]",,16,100000,,,,,,,,,,,,,,,,,,32,16,,,,,,16,,,,,,10.0,-10.0,16,,,100000,True,,True,,,,,5V CMOS/TTL,32,,,,,,,,,,,,,,,,,,,,,,,,,,,,,,,,,,,,,,,,,,,,,,,,,,,,,,,,,,,,,,,,,,,,,,,,,,,,,,,,,,,,,,,,,,,,,,,,,,,,,,,,,,,,,,,,,,,,,,,,,,,,,,,,,,,,,,,,,,,,,,30.0,-30.0,,,,,,,,,,,,,,,
2,,,,,,,,16,,32,,,,,,,,"[""±10V"", ""±5V"", ""±2.5V"", ""±1.25V"", ""±0.625V""]",,16,0.0,,,,,,,,,,,,,,,,,,32,4,,,,,,4,,,,,,10.0,-10.0,16,,,2800000.0,,,,,,,,,,,,,,,,,,,,,,,,,,,,,,,,,,,,,,,,,,,,,,,,,,,,,,,,,,,,,,,,,,,,,,,,,,,,,,,,,,,,,,,,,,,,,,,,,,,,,,,,,,,,,,,,,,,,,,,,,,,,,,,,,,,,,,,,,,,,,,,,,,,,,,,,,,,,,,,,,,,,,,,
3,,,,,,,,16,,32,,,,,,,,"[""±10V"", ""±5V"", ""±2.5V"", ""±1.25V""]",,16,100000,,,,,,,,,,,,,,,,,,32,1,,,,,,,,,,,,,,,,,,,,,,,,20.0,,,16,,,,,16,,,,,,,,,,,,,,,,,,,,,,,,,,,,,,,,,,,,,,,,,,,,,,,,,,,,,,,,,,,,,,,,,,,,,,,,,,,,,,,,,,,,,,,,,,,,,,,,,,,,,,,,,,,,,,,,,,,,,,,,,,,,,,,,,,,,,,,,,,,,,,,,,,,,,,,,
4,,,,,,,,,,8,,,,,,,,"[""±10V""]",,16,100000.0,,,,,,,,,,,,,,,,,,32,2,,,,,,4,,,,,,10.0,-10.0,16,,,,,True,,,,,,5V CMOS/TTL,16,8,,,,,8,,,,,,,,,,,,,,,6,,32,,6,,,2,,,,,,,,,,,,,,,,,,,,,,,,,,,,,,,,,,,,,,,,,,,,,,,,,,,,,,True,True,1000000.0,10.0,12,2,200.0,5.0,,,,,,,,,,,,,,,,,,,,,,,,,,,,,,,,,,,,,,,,,,,,,,,,,,,,,,,,,,,,,,,,,,,,,
5,,,,,,,,,,,,,,,,,,,,,,,,,,,,,,,,,,,,,,,,,,,,0.05,0.1,16,,20.0,0.0,,True,10.0,-10.0,16,,,,,,,,,,,,,,,,,,,,,,,,,,,,,,,,,,,,,,,,,,,,,,,,,,,,,,,,,,,,,,,,,,,,,,,,,,,,,,,,,,,,,,,,,,,,,,,,,,,,,,,,,,,,,,,,,,,,,,,,,,,,,,,,,,,,,,,,,,,,,,,,,,,,,,,,,,,,,,,,,,,,,,,,,,
6,,,,,,,,,,,,,,,,,,,,,,,,,,,,,,,,,,,,,,,,,,,,0.05,0.1,16,,20.0,0.0,,True,10.0,-10.0,16,,,,,,,8,,,,5V CMOS/TTL,16,,,,,,,,,,,,,,,,,,,,,,,,,,,,,,,,,,,,,,,,,,,,,,,,,,,,,,,,,,,,,,,,,,,,,,,,,,,,,,,,,,,,,,,,,,,,,,,,,,,,,,,,,,,,,,,,,,,,,,,,,,,,,,,,,,,,,,,,,,,,,,,,,,,,,,,,,,,,,,
7,,,,,0.1,,0.1,,[16],,8,,,,True,"[""-20mA~+20mA""]",,"[""-10V~+10V""]",,16,200000,,,,,,,,,,,,,,,,,,,,,,,,,,,,,,,,,,,,,,,,,,,,,,,,,,,,,,,,,,,,,,,,,,,,,,,,,,,,,,,,,,,,,,,,,,,,,,,,,,,,,,,,,,,,,,,,,,,,,,,,,,,,,,,,,,,,,,,,,,,,,,,,,,,,,,,,,,,,,,,,,,,,,,,,,,,,,,,,,,,,,,,,,100.0,-100.0,30.0,-30.0,,,,,,,,,,,,,,,
8,,,,,0.2,,0.2,,[32],,8,,,,True,"[""±20mA""]",,"[""±10V""]",,16,200000,,,,,,,,,,,,,,,,,,,,,,,,,,,,,,,,,,,,,,,,,,,,,,,,,,,,,,,,,,,,,,,,,,,,,,,,,,,,,,,,,,,,,,,,,,,,,,,,,,,,,,,,,,,,,,,,,,,,,,,,,,,,,,,,,,,,,,,,,,,,,,,,,,,,,,,,,,,,,,,,,,,,,,,,,,,,,,,,,,,,,,,,,100.0,-100.0,30.0,-30.0,,,,,,,,,,,,,,,
9,,,,,,,,,"[16, 32]",,,,0.1,470.0,,"[""±20mA""]",,"[""±10V""]",,,100000,,,,,,,,,,,,,,,,,,,,,,,,,,,,,,,,,,,,,,,,,,,,,,,,,,,,,,,,,,,,,,,,,,,,,,,,,,,,,,,,,,,,,,,,,,,,,,,,,,,,,,,,,,,,,,,,,,,,,,,,,,,,,,,,,,,,,,,,,,,,,,,,,,,,,,,,,,,,,,,,,,,,,,,,,,,,,,,,,,,,,,,,,,,30.0,-30.0,,,,,,,,,,,10.0,10.0,,,
10,,,,,,,,,,,,,,,,,,,,,,,,,,,,,,,PCI,,,,,,,,,,,,,,,,,,,,,,,,,,,,,,,,,,,,,,,,,,,,,,,,,,,,,,,,,,,,,,,,,,,,,,,,,,,,,,,,,,,,,,,,,,,,,,,,,,,,,,,,,,,,,,,,,,,,,,,,,,,,,,,,,,,,,,,,,,,,,,,,,,,,,,,,,,,,,,,,,,,,,,,,128,8,"[""RS-232"", ""RS-422"", ""RS-485""]",,921600,,,,,,,,,,,,,,,,,,,,,
11,,,,,,,,,,,,,,,,,,,,,,,,,,,,,,,PCIe,,,,,,,,,,,,,,,,,,,,,,,,,,,,,,,,,,,,,,,,,,,,,,,,,,,,,,,,,,,,,,,,,,,,,,,,,,,,,,,,,,,,,,,,,,,,,,,,,,,,,,,,,,,,,,,,,,,,,,,,,,,,,,,,,,,,,,,,,,,,,,,,,,,,,,,,,,,,,,,,,,,,,,,,128,8,"[""RS-232"", ""RS-422"", ""RS-485""]",,921600,,,,,,,,,,,,,,,,,,,,,
12,,,,,,,,,,,,,,,,,,,,,,,,,,,,,,,PCI,,,,,,,,,,,,,,,,,,,,,,,,,,,,,,,,,,,,,,,,,,,,,,,,,,,,,,,,,,,,,,,,,,,,,,,,,,,,,,,,,,,,,,,,,,,,,,,,,,,,,,,,,,,,,,,,,,,,,,,,,,,,,,,,,,,,,,,,,,,,,,,,,,,,,,,,,,,,,,,,,,,,,,,,,4,"[""RS-232"", ""RS-422"", ""RS-485""]",,921600,,,,,,,,,,,,,,,,,,,,,
13,,,,,,,,,,,,,,,,,,,,,,,,,,,,,,,,,,,1000000,,2,20.0,,,,,,,,,,,,,,,,,,,,,,,,,,,,,,,,,,,,,,,,,,,,,,,,,,,,,,,,,,,,,,,,,,,,,,,,,,,,,,,,,,,,,,,,,,,,,,,,,,,,,,,,,,,,,,,,,,,,,,,,,,,,,,,,,,,,,,,,,,,,,,,,,,,,,,,,,,,,,,,,,,,,,,,,,,,,,,,,,,,,,,,,,,
14,,,,,,,,,,,,,,,,,,,,,,,,,,,,,,,,5000000,1000000,True,1000000,40000,4,,,,,,,,,,,,,,,,,,,,,,,,,,,,,,,,,,,,,,,,,,,,,,,,,,,,,,,,,,,,,,,,,,,,,,,,,,,,,,,,,,,,,,,,,,,,,,,,,,,,,,,,,,,,,,,,,,,,,,,,,,,,,,,,,,,,,,,,,,,,,,,,,,,,,,,,,,,,,,,,,,,,,,,,,,,,,,,,,,,,,,,,,,,
15,,,,,,,,,,,,,,,,,,,,,,,,,,,,,,,,5000000,1000000,True,1000000,40000,2,,,,,,,,,,,,,,,,,,,,,,,,,,,,,,,,,,,,,,,,,,,,,,,,,,,,,,,,,,,,,,,,,,,,,,,,,,,,,,,,,,,,,,,,,,,,,,,,,,,,,,,,,,,,,,,,,,,,,,,,,,,,,,,,,,,,,,,,,,,,,,,,,,,,,,,,,,,,,,,,,,,,,,,,,,,,,,,,,,,,,,,,,,,
16,,,,,,,,,,,,,,,,,,,,,,,,,,,,,,,,,,,,,,,,,,,,,,,,,,,,,,,,,,,,,,,,,,,,,,,,,,,,,,,,,,True,,,,,,,,,,,,,,,,,,,,,,,,,,,,,,,,,,,,,,,,,,,,,,,,,,,,,,,,,,,,,,,,,,,,,,,,,,,True,,,,,,,,,,,,,,,,,,,,,,,,,,,,,,,,,,,,,,,,,,,,,,,,,,,,,,True,True,True,,,,,,,,,,,
17,,,,,,,,,,,,,,,,,,,,,,,,,,,,,,,,,,,,,,,,,,,,,,,,,,,,,,,,,,,,,,,,,,,,,,,,,,,,,,,,,,True,,,,,,,,,,,,,,,,,,,True,,,,,,,,,,,,,,,,,,,,,,,,,,,,,,,,,,,,,,,,,,,,,,,,,,,,,,,,,,,,,,,,,,,,,,,,,,,,,,,,,,,,,,,,,,,,,,,,,,,,,,,,,,,,,,True,True,True,,,,,,,,,,,
18,,,,,,,,,,,,,,,,,,,,,,,,,,,,,,,,,,,,,,,,,,,2,,,,,,,,,,,,,,,,,,,,,,,,,,,,,,,,,,,,,,,True,True,,,,,,,,,,,,,,,,,,,,,,,,,,,,,,,,,,,,,,,,,,,,,,,,,,,,,,,,,,,,,,,,,,,,,,,,,,,False,,,,,,,,,,,,,,,,,,,,,,,,,,,,,,,,,,,,,,,,,,,,,,,,,,,,,True,True,True,,,,,,,,,,,
19,,,,,,,,,,,,,,,,,,,,,,,,,,,,,,,,,,,,,,,,,,,,,,,,,,,,,,,,,,,,,1,,,,TTL / 5V CMOS,40,,1.2,-0.2,5.5,3.5,,10.0,,,,,0.8,-0.2,5.5,4.5,,,,,,,,,,,,,,,,,,,,,,,,,,,,,,,,,,,,,,,,,,,,,,,,,,,,,,,,,,50.0,,,,,,,,,,,,,,,,,,,,,,,,,,,,,,,,,,,,,,,,,,,,,,,,,,,,,,,,,,,,,,,,,,,,,,,,,,,,,,,,,,,,,
20,,,,,,,,,,,,,,,,,,,,,,,,,,,,,,,PCI,,,,,,,,,,,,,,,,,,,,,,,,,,,,,,,,,,,,,,,,,,,,,,,,,,,,,,,,,,,,,,,,,,,,,,,,,,,,,,,,,,,,,,,,,,,,,,,,,,,,,2,True,"[""BC"", ""RT"", ""BM""]",True,,,,,,,,,,,,,,,,,,,,,,,,,,,,,,,,,,,,,,,,,,,,,,,,,,,,,,,,,,,,,,,,,,,,,,,,,,,,,,,,,,,,,,,,,
21,,,,,,,,,,,,,,,,,,,,,,,,,,,,,,,,,,,,,,,,,,,,,,,,,,,,,,,,,,,,,,,,,,,,,,,,,,,,,,,,,,True,,,,,,,,,,,,,,,,,,,,,,,,,,,,,,,,,,,,,,,,,,,,,,,,,,,,,,,,,,,,,,,,,,,,,,,,,,True,,,,,,,,,,,,,,,,,,,,,,,,,,,,,,,,,,,,,,,,,,,,,,,,支持profibus实时以太网协议 用于各种协议和接口类型的同一应用程序API 设备驱动程序广泛，轻松集成 通过双端口内存（DPM）或直接内存访问，访问数据 通过旋码开关分配唯一的槽号,,,,,,,,,,,,,,,,,,,,
22,,,,,,,,,,,,,,,,,,,,,,,,,,,,,,,,,,,,,,,,,,,,,,,,,,,,,,,,,,,,,,True,True,,,128,128,,,25.0,5.0,,,,,,,,,,,,,,,,,,,,,,,,,,,,,,,,,,,,,,,,,,,,,,,,,,,2.0,,,,,,,,,,,,,,,,,,,,,,,,,,,,,,,,,,,,,,,,,,,,,,,,,,,,,,,,,,,,,,,,,,,,,,,,,,,,,,,,,,,,,,,,,,,,,,,,,,,,,,
23,,,,,,,,,,,,,,,,,,,,,,,,,,,,,,,,,,,,,,,,,,,,,,,,,,,,,,,,,,,,,,,True,2000.0,,,,,,,,128,,,True,True,90.0,,,40.0,5.0,,,,,,,,,,,,,,,,,,,,,,,,,,,,,,,,,,,,,,,,,,,,,,,,,,,,,,,,,,,,,,,,,,,,,,,,,,,,,,,,,,,,,,,,,,,,,,,,,,,,,,,,,,,,,,,,,,,,,,,,,,,,,,,,,,,,,,,,,,,,,,,
24,,,,,,,,,,,,,,,,,,,,,,,,,,,,,,,,,,,,,,,,,,,,,,,,,,,,,,,,,,,,,,True,True,,,64,,,,25.0,5.0,,,,,,,,,,,,,,,,,,,,,,,,,,,,,,,,,,,,,,,,,,,,,,,,,,,2000.0,,,,,,,,,,,,,,,,,,,,,,,,,,,,,,,,,,,,,,,,,,,,,,,,,,,,,,,,,,,,,,,,,,,,,,,,,,,,,,,,,,,,,,,,,,,,,,,,,,,,,,
25,,,,,,,,,,,,,,,,,,,,,,,,,,,,,,,PCI,,,,,,,,,,,,,,,,,,,,,,,,,,,,,,,,,,,,,,,,,,,,,,,,,,,,,,,,,,,,,,,,,,,,,,,,,,,,,,,,,,,,,,,,,,,,,,,,,,,,,,,,,,,,,,,,,,,,,,,,,,,,,,,,,,,,,,,,,16384,,多模,,268435456,,,,,,,,,,,,,,,,,,,,,,,,,,,,,,,,,,,,,,,,True,,,,,,,,,,,,
26,,,,,,,,,,,,,,,,,,,,,,,,,,,,,,,PCI-E,,,,,,,,,,,,,,,,,,,,,,,,,,,,,,,,,,,,,,,,,,,,,,,,,,,,,,,,,,,,,,,,,,,,,,,,,,,,,,,,,,,,,,,,,,,,,,,,,,,,,,,,,,,,,,,,,,,,,,,,,,,,,,,,,,,,,,,,,16384,,多模,,268435456,,,,,,,,,,,,,,,,,,,,,,,,,,,,,,,,,,,,,,,,True,,,,,,,,,,,,
27,,,,,,,,,,,,,,,,,,,,,,,,,,,,,,,PCI,,,,,,,,,,,,,,,,,,,,,,,,,,,,,,,,,,,,,,,,,,,,,,,,,,,,,,,,,,,,,,,,,,,,,,,,,,,,,,,,,,,,,,,,,,,,,,,,,,,,,,,,,,,,,,,,,,,,,,,,,,,,,,,,,,,,,,,,,,,多模,,268435456,,,,,,,,,,,,,,,,,,,,,,,,,,,,,,,,,,,,,,,,,,,,,,,,,,,,
28,,,,,,,,,,,,,,,,,,,,,,,,,,,,,,,PCI-E,,,,,,,,,,,,,,,,,,,,,,,,,,,,,,,,,,,,,,,,,,,,,,,,,,,,,,,,,,,,,,,,,,,,,,,,,,,,,,,,,,,,,,,,,,,,,,,,,,,,,,,,,,,,,,,,,,,,,,,,,,,,,,,,,,,,,,,,,,,多模,,268435456,,,,,,,,,,,,,,,,,,,,,,,,,,,,,,,,,,,,,,,,,,,,,,,,,,,,
29,,,,,,,,,,4,,,,,,,,"[""±10V""]",,12,8000.0,,,,,,,,,,,,,,,,,,,,,,,,,4,,,,,,10.0,-10.0,16,,,8000.0,,,,,,,,,,,,,,,,,,,,,,,,,,,,,,,,,,,,,4,,,,,,,,,,,,,,,,,,,,,,,,,,,,,,,,,,,,,,,,,,4,4,差分,,,,,,,,,,,,,,,,,,,,,,,,,,,,,,,,,,,,,,,,,,,,,,,,,,,,,,,,,,,,,,,,,,,,,,,,,,,,,,,,,,,,,,
30,,,,,,,,,,8,,,,,,,,"[""±10V""]",,12,8000.0,,,,,,,,,,,,,,,,,,,,,,,,,8,,,,,,10.0,-10.0,16,,,8000.0,,,,,,,,,,,,,,,,,,,,,,,,,,,,,,,,,,,,,8,,,,,,,,,,,,,,,,,,,,,,,,,,,,,,,,,,,,,,,,,,8,8,差分,,,,,,,,,,,,,,,,,,,,,,,,,,,,,,,,,,,,,,,,,,,,,,,,,,,,,,,,,,,,,,,,,,,,,,,,,,,,,,,,,,,,,,
31,,,,,,,,,,,,,,,,,,,,,,,,,,,,,,,PCI-E X1,,,,,,,,,,,,,,,,,,,,,,,,,,,,,,,,,,,,,,,,,,,,,,,,,,,,,,,,,,,,,,,,,,,,,,,,,,,,,,,,,,,,,,,RJ-45,,,,,,,,,,,,,,,,,,,,,,,,,,,,,,,,,,,,,,,,,,,,,,,,,,,,,,,,,,,,,,,,,,,,,,,,,,,,,,,,,,,,,,"4个RJ-45 10/100/1000BASE-T接口, Intel® 82576EB千兆以太网控制器，PCI-E X1接口",以太网卡,,,,,"4个RJ-45 10/100/1000BASE-T接口, Intel® 82576EB千兆以太网控制器，PCI-E X1接口",,,,,,,,,,,,,,接口板卡
32,,,,,,,,,,,,,,,,,"[""单端"", ""差分""]",,True,,,,,,,,,,,,PCIe x2,,,,,,,,,,,,,,,,,,,,,,,,,,,,,,,,,,,,,,,,,,,,,,,,,,,,,,,,,,,,,,,,,,,,,,,,,,,,,,,,,,,,,,,,,,,,,,,,,,,,,,,,,,,,,,,,,,,,,,,,,,,,,,,,,,,,,,,,,,,,,,,,,,,,,,,,,,,4,,,5V CMOS/5V RS422,主/从,,2,,,,,,,,,,,,,,,,,,,,,,,,,,,,,,,,
33,,,,,,,,,,,,,,,,,,,,,,,,,,,,,,,PCIe,,,,,,,,,,,,,,,,,,,,,,,,,,,,,,,,,,,,,,,,,,,,,,,,,,,,,,,,,,,,,,,,,,,,,,,,,,,,,,,,36,4,1045000,1143000,,,"GTY 28Gb/s x24, GTH 16Gb/s x32",,,,,,,,,,,,,,,,,,,,,,,,,,,,,,,,,,,,,,,,,,,,,,,,,,,,,,,,,,,,,,,,,,,,,,,,,,,,,,,,,,,,,,,,,,,,,,,,,,,,,,,,,,,
34,,,,,,,,,,,,,,,,,,,,,,,,,,,,,,,PCIe x8,,,,,,,,,,,,,,,,,,,,,,,,,,,,,,,,,,,,,,,,,,,,,,,,,,,,,,,,,,,,,,,,,,,,,,,,,,,2,800000000,每个 CPU 32KB L1 指令和数据缓存，512KB L2 共享缓存,16/32 bit DDR2、DDR3,256,26.5,,554800,444000,277400,2020,16 路高速 GTX 收发器，支持 PCIE Gen2x8,,,,,,,,,,,,,,,,,,,,,,,,,,,,,,,,,,,,,,,,,,,,,,,,,,,,,,,,,,,,,,,,,,,,,,,,,,,,,,,,,,,,,,,,,,,,,,,,,,,,,,,,,,,
35,,,,,,,,,,16,,,,,,,,"[""-10V～+10V""]",,16,1000000,,,,,,,,,,,,,,,,,,,,,,,,,24,,,,,,10.0,-10.0,16,,,1000000,,,,,,,,,,,,,,,,,,,,,,,,,,,,,,,,,,,,,,,,,,,,,,,,,,,,,,,,,,,,,,,,,,,,,,,,,,,,,,,,,,,,,,,,,,,,,,,,,,,,,,,,,,,,,,,,,,,,,,,,,,,,,,,,,,,,,,,,,,,,AX7202,,,,,,,1) 24通道DA输出，16位，1Msps，输出电压范围-10V～+10V 2) 16通道AD采集，16位，1Msps，输入范围-10V～+10V 3) 光口通讯实现DA、AD控制 （适配AX7202开发板）,,,,,,1) 24通道DA输出，16位，1Msps，输出电压范围-10V～+10V 2) 16通道AD采集，16位，1Msps，输入范围-10V～+10V 3) 光口通讯实现DA、AD控制 （适配AX7202开发板）,,,,,,,,,,,,,,
36,,,,,,,,,,,,,,,,,,,,,,,,,,,,,,,PCIe x1,,,,,,0,,,,,,,,,,,,,,,,,,,,,,,,8,,,,5V/3.3V（跳线选择）,32,,,,,,,,,,,,,,,,,,,,,,,,,,,,,,,,,,,,,,,,,,,,,,,,,,,,标准安卡结构,,,,,,,,,,,,,,,,,,,,,,,0,,,,0,,,,,,,,,,,,,,,,,,,,,,,,,,,,,,,,,,,,,,,,,,,,,,,,,,,,,,,0,,,,,,,,,,,,,,,,,,,,,,,,
37,,,,,,,,,,,,,,,,,,,,,,,,,,,,,,,FMC,,,,,,,,,,,,,,,,,,,,,,,,,,,,,,,,,,5V CMOS,32,16,,,,,16,,,,,,,,,,,,,,,,,,,,,,,,,,,,,,,,,,,,,,,,,,,,,,,,,,,,,,,,,,,,,,,,,,,,,,,,,,,,,,,,,,,,,,,,,,,,,,,,,,,,,,,,,,,,,,,,,,,,,,,,,,,,,Links-IPCe-FPGA-02,,,4,"[""RS-422""]",,,1)FMC接口； 2)16 通道 5V·CMOS 输出接口； 3)16 通道 5V·CMOS 输入接口； 4)4通道5V·RS422输出接口； 5)4通道5V·RS422输入接口； 6)对外接口SCSI68孔型连接器。 （适配Links-IPCe-FPGA-02）,,,,,,1)FMC接口； 2)16 通道 5V·CMOS 输出接口； 3)16 通道 5V·CMOS 输入接口； 4)4通道5V·RS422输出接口； 5)4通道5V·RS422输入接口； 6)对外接口SCSI68孔型连接器。 （适配Links-IPCe-FPGA-02）,,,,,,,,,,,,,,
38,,,,,,,,8,,,,,,,,,,"[""±10V""]",,16,100000.0,,,,,,,,,,,,,,,,,,32,2,,,,,,4,,,,,,10.0,-10.0,16,,,,,True,,,,,,TTL,,8,,,,,8,,,,,,,,,,,,,,,,,32,,6,,,2,,,,,,,,,,,,,,,,,,,,,,,,,,,,,,,,,,,,,,,,,,,,,,,,,,,,,,True,True,1000000.0,10.0,12,2,200.0,5.0,,,,,,,,,,,,,,,,,,,,,,,,,,,,,,,,,,,,,,,,,,,,,,,,,,,,,,,,,,,,,,,,,,,,,
39,,,,,,,,,,16,,,,,,,,"[""±10V""]",,16,100000,,,,,,,,,,,,,,,,,,32,16,,,,,,16,,,,,,10.0,-10.0,16,,,100000,True,,True,,,,,5V CMOS/TTL,32,,,,,,,,,,,,,,,,,,,,,,,,,,,,,,,,,,,,,,,,,,,,,,,,,,,,,,,,,,,,,,,,,,,,,,,,,,,,,,,,,,,,,,,,,,,,,,,,,,,,,,,,,,,,,,,,,,,,,,,,,,,,,,,,,,,,,,,,,,,,,,30.0,-30.0,,,,,,,,,,,,,,,
40,,,,,,,,,,,,,,,,,,,,,,,,,,,,,,,cPCI/PCI/PCIe/PXIe,,,,,,,,,,,,,,,18,,20.0,-20.0,,,10.0,-10.0,,,,1000000.0,,,,8,,,,,32,,,,,,,,,,,,,,,,,,,,,,,,,,,,,,,,,,,,,,,,,,,,,,,,,,,,,,,,,,,,,,,,,,,,,,,,,,,,,,,,,,,,,,,,,,,,,,,,,,,,,,,,,,,,,,,,,,,,,,,,,,,,,,,,,,,,,,,,,,,,,,,,,,,,,,,,,,,,,,
41,,,,,0.1,,0.1,,[16],,8,,,,True,"[""-20mA～+20mA""]",,"[""-10V～+10V""]",,16,200000,,,,,,,,,,,,,,,,,,,,,,,,,,,,,,,,,,,,,,,,,,,,,,,,,,,,,,,,,,,,,,,,,,,,,,,,,,,,,,,,,,,,,,,,,,,,,,,,,,,,,,,,,,,,,,,,,,,,,,,,,,,,,,,,,,,,,,,,,,,,,,,,,,,,,,,,,,,,,,,,,,,,,,,,,,,,,,,,,,,,,,,,,100.0,-100.0,30.0,-30.0,,,,,,,,,,,,,,,
42,,,,,0.2,,0.2,,[32],,8,,,,True,"[""-20mA～+20mA""]",,"[""-10V～+10V""]",,16,200000,,,,,,,,,,,,,,,,,,,,,,,,,,,,,,,,,,,,,,,,,,,,,,,,,,,,,,,,,,,,,,,,,,,,,,,,,,,,,,,,,,,,,,,,,,,,,,,,,,,,,,,,,,,,,,,,,,,,,,,,,,,,,,,,,,,,,,,,,,,,,,,,,,,,,,,,,,,,,,,,,,,,,,,,,,,,,,,,,,,,,,,,,100.0,-100.0,30.0,-30.0,,,,,,,,,,,,,,,
43,,,,,0.2,,0.2,,[32],,8,,,,True,"[""-20mA～+20mA""]",,"[""-10V～+10V""]",,16,,,,,,,,,,,,,,,,,,,,,,,,,,,,,,,,,,,,,,,,,,,,,,,,,,,,,,,,,,,,,,,,,,,,,,,,,,,,,,,,,,,,,,,,,,,,,,,,,,,,,,,,,,,,,,,,,,,,,,,,,,,,,,,,,,,,,,,,,,,,,,,,,,,,,,,,,,,,,,,,,,,,,,,,,,,,,,,,,,,,,,,,,,100.0,-100.0,30.0,-30.0,,,,,,,,,,,,,,,
44,,,,,,1V及以上：±0.01%+0.5mV；1V以下：±0.01%+2uV,,8,,,,DC,,,,,"[""差分""]","[""±0.05V"", ""±0.1V"", ""±1V"", ""±10V""]",,24,10000,,,,,,,,,,,,,,,,,,,,,,,,,,,,,,,,,,,,,,,,,,,,,,,,,,,,,,,,,,,,,,,,,,,,,,,,,,,,,,,,,,,,,,,,,,,,,,,,,,,,,,,,,,,,,,,,,,,,,,,,,,,,,,,,,,,,,,,,,,,,,,,,,,,,,,,,,,,,,,,,,,,,,,,,,,,,,,,,,,,,,,,,,,,,,,,,,,,,,,,,,,,
45,,,,,,,,,,,,,,,,,,,,,,,,,,,,,,,,,,,,,,,,,,,,0.1,0.2,8,,20.0,0.0,True,,10.0,-10.0,16,0.5,1.4,,,,,,,,,,,,,,,,,,,,,,,,,,,,,,,,,,,,,,,,,,,,,,,,,,,,,,,,,,,,,,,,,,,,,,,,,,,,,,,,,,,,,,,,,,,,,,,,,,,,,,,,,,,,,,,,,,,,,,,,,,,,,,,,,,,,,,,,,,,,,,,,,,,,,,,,,,,,,,,,,,,,,,,,
46,,,,,,,,,,,,,,,,,,,,,,,,,,,,,,,,,,,,,,,,,,,,0.05,0.1,16,,20.0,0.0,True,,10.0,-10.0,16,,,,,,,,,,,,,,,,,,,,,,,,,,,,,,,,,,,,,,,,,,,,,,,,,,,,,,,,,,,,,,,,,,,,,,,,,,,,,,,,,,,,,,,,,,,,,,,,,,,,,,,,,,,,,,,,,,,,,,,,,,,,,,,,,,,,,,,,,,,,,,,,,,,,,,,,,,,,,,,,,,,,,,,,,,
47,,,,,,,,,,,,,,,,,,,,,,,,,,,,,,,,,,,,,,,,,,,,0.05,,16,True,20.0,0.0,,,,,16,,,,,,,,,,,,,,,,,,,,,,,,,,,,,,,,,,,,,,,,,,,,,,,,,,,,,,,,,,,,,,,,,,,,,,,,,,,,,,,,,,,,,,,,,,,,,,,,,,,,,,,,,,,,,,,,,,,,,,,,,,,,,,,,,,,,,,,,,,,,,,,,,,,,,,,,,,,,,,,,,,,,,,,,,,
48,,,,,,,,,,,,,,,,,,,,,,,,,,,,,,,,,,,,,,,,,,,,0.05,0.1,16,,20.0,0.0,,True,10.0,-10.0,16,,,,,,,8,,,,5V CMOS/TTL,16,,,,,,,,,,,,,,,,,,,,,,,,,,,,,,,,,,,,,,,,,,,,,,,,,,,,,,,,,,,,,,,,,,,,,,,,,,,,,,,,,,,,,,,,,,,,,,,,,,,,,,,,,,,,,,,,,,,,,,,,,,,,,,,,,,,,,,,,,,,,,,,,,,,,,,,,,,,,,,
49,,,,,,,,,,,,,,,,,,,,,,,,,,,,,,,,,,,,,,,,,,,,,,,,,,,,,,,,,,,,,,,,,5V 或定制电平（0～28V，需外置电源）,32,32,,,,,,,,,,,,,,,,,,,,,,,,,,,,,,,,,,,,,,,,,,,,,,,,,,,,,,,40.0,,,,,,,,,,,,,,,,,,,,,,,,,,,,,,,,,,,,,,,,,,,,,,,,,,,,,,,,,,,,,,,,,,,,,,,,,,,,,,,,,,,,,,28.0,0.0,,,,,,,,,,,,,100,,
50,,,,,,,,,,,,,,,,,,,,,,,,,,,,,,,,,,,,,,,,,,,,,,,,,,,,,,,,,,,,,,,,,5V or custom (0～28V with external power),32,,,,,,32,,False,,,,,,,,,,,,,,,,,,,,,,,,,,,,,,,,,,,,,,,,,,,,,,,,,,,,,,,,,,,,,,,,,,,,,,,,,,,,,,,,,,,,,,,,,,,,,,,,,,,,,,,,,,,,,,,,,,,,,,,,,,,,,,,,,,,,,,28.0,0.0,32通道数字量输出 每通道V/OPEN、V/GND和GND/OPEN模式可选 输出支持5V或定制电平信号（需外置电源，0～28V） V/OPEN模式下，OPEN状态下对电源阻抗≥200KΩ V/GND模式，输出阻抗为50±10Ω GND/OPEN模式下，OPEN状态下对地阻抗≥200KΩ，GND状态下对地阻抗≤120Ω,,,,,,,,,,,,,,
51,,,,,,,,,,,,,,,,,,,,,,,,,,,,,,,,,,,,,,,,,,,,,,,,,,,,,,,,,,,,,,,,,,,,,,,,32,,True,,,,,,,,,,,,,,,,,,,,,,,,,,,,,,,,,,,,,,,,,,,,,,,,,,,,,,,,,,,,,,,,,,,,,,,,,,,,,,,1,1500.0,5.0,,,,,,,,,,,,,,,,,,,,,,,,,,8.0,200.0,48.0,FORM 1C,,,,,,,,,,,,,,,,,,,,,,,,,,,,,,,,,,,,,,,,
52,,,,,,,,,,,,,,,,,,,,,,,,,,,,,,,,,,,,,,,,,,,,,,,,,,,,,,,,,,,True,True,,,,,5V CMOS/TTL,64,32,,,,,32,,,,,,,,,,,,,,,,,,,,,,8,,,,,,,,,,,,,,,,,,,,,,,,,,,,,,,,,,,,,,,,,,,,,,,,,,,,,,,,,,8,,,,,,,,,,,,,,,,,,,,,,,,,,,,,,,,,,,,,,,,,,,,,,,,,,,,,,,,,,,,,,,,,,,,,,,,
53,,,,,,,,,,,,,,,,,,,,,,,,,,,,,,,PCI/cPCI/PXIe,,,,,,,,,,,,,,,,,,,,,,,,,,,,,,,,,,,96,96,,,36.0,-1.0,,,,,,,,,,,,,,,,,,,,,,,,,,,,,,,,,,,,,,,,,,,,,,,,,,,,,,,,,,,,,,,,,,,,,,,,,,,,,,,,,,,,,,,,,,,,,,,,,,,,,,,,,,,,,,,,,,,,,,,,,,,,,,,,,,,,,96通道离散量输入，支持三种状态检测：电源/电源断、电源/电源地、电源地/电源地断；逻辑门限高电平+18V~+36V，低电平-1V~+1V；最大输入±60V；每通道可单独配置；带0Hz~10MHz可编程数字滤波器。,离散量输入板卡,,,60.0,-60.0,PCI/cPCI/PXIe标准板卡； 可实现电源/电源断、电源/电源地、电源地/电源地断三种状态的检测； 检测电平范围：高电平+18V~+36V，低电平-1V~+1V； 96 通道离散量输入； 通道数：96； 逻辑门限：高电平+18V~+36V，低电平-1V~+1V； 最大输入电平范围：±60V； 通道特性：每通道可单独设置为电源/电源断、电源/电源地或电源/电源地输入； 可编程数字滤波器：滤波频率为 0Hz~10MHz。,,,,,,,,,,,,,,96通道离散量输入
54,,,,,,,,,,,,,,,,,,,,,,,,,,,,,,,PCI/cPCI/PXIe,,,,,,,,,,,,,,,,,,,,,,,,,,,,,,,,,,,96,,,,,,96,100.0,True,,,,,,,,,,,,,,,,,,,,,,,,,,,,,,,,,,,,,,,,,,,,,,,,,,,,,,,,,,,,,,,,,10.0,,,,,,,,,,,,,,,,,,,,,,,,,,,,,,,,,,,,,,,,,,,,,,,,,,,,,,,,,,,,,,,,,96路离散量输出，每通道可单独设置为电源/电源断或电源地/电源地断输出,,,,60.0,-60.0,,,,,,,,,,,,,,,
55,,,,,,,,,,,,,,,,,,,,,,,,,,,,,,,PCI/PCIe/cPCI/PXIe,,,,,,,,,,,,,,,,,,,,,,,,,,,,True,,,,,,,96,48,,,60.0,-60.0,48,100.0,,,,,,,60.0,-60.0,,,,,,,,,,,,,,,,,,,,,,,,,,,,,,,,,,,,,,,,,,,,,,,,,,,,,,,,,,10.0,,,,,,,,,,,,,,,,,,,,,,,,,,,,,,,,,,,,,,,,,,,,,,,,,,,,,,,,,,,,,,,,,48路离散量输入，48路离散量输出，支持电源/电源断、电源地/电源地断、电源/电源地三种检测状态；输入逻辑门限：高电平+18V~+36V，低电平-1V~+1V；最大输入±60V；每通道可单独配置；可编程数字滤波器0Hz~10MHz；输出每通道最大100mA，导通电阻≤10Ω。,离散量输入/输出板卡,,,,,PCI/PCIe/cPCI/PXIe标准板卡； 可实现电源/电源断、电源/电源地、电源地/电源地断三种状态的检测； 检测电平范围：高电平+18V~+36V，低电平-1V~+1V； 48 路离散量输入； 通道数：48； 逻辑门限：高电平+18V~+36V，低电平-1V~+1V； 最大输入电平范围：±60V； 通道特性：每通道可单独设置为电源/电源断、电源地/电源地断或电源/电源地输入； 可编程数字滤波器：滤波频率为 0Hz~10MHz； 48 路离散量输出； 通道数：48； 最大负载电压范围：±60V； 导通电阻：10Ω（MAX）； 每通道输出持续电流：100mA（MAX）； 通道特性：每通道可单独设置为电源/电源断或电源地/电源地断输出。,,,,,,,,,,,,,,离散量I/O板卡
56,,,,,,,,,,,,,,,,,,,,,,,,,,,,,,,,,,,,,,,,,,,,,,,,,,,,,,,,,,,,,8,,,,5V CMOS,16,,,,,,,,,,,,,,,,,,,,,,,,,,,,,,"[8000000, 4000000, 2000000, 1000000]",2,32,8,2.2,,,,,,,,,,,,,,,,,,,,,,,,,,,,,,,,,,,,,,,,,,,,,,,,,,,,,,,,,,,,,,,,,,,,,,,,,,,,,,,,,,,,,,,,,,,,,,,,,,,,,,,,2通道Endat22总线和16通道数字量；16通道数字量电平标准：5V CMOS，兼容5V TTL电平（板卡无上拉/下拉电阻）；16通道数字量方向控制：每8通道一组进行方向设置；板卡接口：SCSI-68 Female（TE-5787082-7）,,,,,,,,,,"[1, 2]",255,0,,,,,,,,
57,,,,,,,,,,,,,,,,,,,,,,,,,,,,,,,,,,,,,,,,,,,,,,,,,,,,,,,,,,,,,8,,,,5V CMOS,16,,,,,,,,,,,,,,,,,,,,,,,,,,,,,,"[8000000, 4000000, 2000000, 1000000]",5,32,8,2.2,,,,,,,,,,,,,,,,,,,,,,,,,,,,,,,,,,,,,,,,,,,,,,,,,,,,,,,,,,,,,,,,,,,,,,,,,,,,,,,,,,,,,,,,,,,,,,,,,,,,,,,,,,,,,,,,,,"[1, 2]",255,0,,,,,,,,
58,,,,,,,,,,,,,,,,,,,,,,,,,,,,,,,,,,,,,,,,,,,,,,,,,,,,,,,,,,,,,,,,,,,,,,,,,,,,,,,,,,,,,,,,,,,,,,,,,,,,,,,,,,,,,,,,,,,,,,3U CPCI,,,,,,,,,,,,,,,,,,,,,,,,,,,,,,,,,,,,,,,,,,,,,,,,,,,,,,,,,,,,,,,,,,,,,,,,,"[2000000, 1000000, 0, 250000]",5,32,8,,255,CompactPCI PICMG 2.0 R2.1,,,,,,,,,,,,,,,,,,,,,,,,,,,
59,,,,,,,,,,,,,,,,,,,,,,,,,,,,,,,,,,,,,,,,,,,,,,,,,,,,,,,,,,,,,,,,,,,,,,,,,,,,,,,,,,,,,,,3,5,32,True,,,8000000,8,"[""RS-422"", ""5V CMOS""]",,,,,,,,,,,,,,,,,,,,,,,,,,,,,,,,,,,,,,,,,,,,,,,,,,,,,,,,,,,,,,,,,,,,,,,,,,,,,,,,,,,,,,,,,,,,,,,,,,,,,,,,,,,,,,,,,,,,,,,,,,,,,,,,,
60,,,,,,,,,,,,,,,,,,,,,,,,,,,,,,,,,,,,,,,,,,,,,,,,,,,,,,,,,,,,,,,,,,,,,,,,,,,,,,,,,,,,,,,,8,32,,,True,8000000,8,"[""RS-422"", ""5V CMOS""]",,,,,,,,,,,,,,,,,,,,,,,,,,,,,,,,,,,,,,,,,,,,,,,,,,,,,,,,,,,,,,,,,,,,,,,,,,,,,,,,,,,,,,,,,,,,,,,,,,,,,,,,,,,,,,,,,,,,,,,,,,,,,,,,,
61,,,,,,,,,,,,,,,,,,,,,,,,,,,,,,,,,,,,,,,,,,,,,,,,,,,,,,,,,,,,,,,,,,,,,,,,,,,,,,,,,,,,,,,8,,32,,,True,10000000,8,"[""RS-422"", ""5V CMOS""]",,,,,,,,,,,,,,,,,,,,,,,,,,,,,,,,,,,,,,,,,,,,,,,,,,,,,,,,,,,,,,,,,,,,,,,,,,,,,,,,,,,,,,,,,,,,,,,,,,,,,,,,,,,,,,,,,,,,,,,,,,,,,,,,,
62,,,,,,,,,,,,,,,,,"[""单端"", ""差分""]",,,,,,,,,,,,,,,,,,,,,,,,,,,,,,,,,,,,,,,,,,,,,,,,,,,,,,,,,,,,,,,,,,,,,,,,,,,,,,,,,,,,,,,,,,,,,,,,,,,,,,,,,,,,,,,,,,,,,,,,,,,,,,,,,,,,,,,,,,,,,,2,,100.0,10.0,20.0,26.0,,,16,,,,,,,,,,,,,,,,,,,2,3000000,16,RS422,,[3000000],2,16,16,,,,,,,,,,,,,,,,,,,,,,,,,,,,,,
63,,,,,,,,,,,,,,,,,,,,,,,,,,,,,,,,,,,,,,,,,,,,,,,,,,,,,,,,,,,,,,,,,,,,,,,,,,,,,,,,,,,,,,,,,,,,,,,,,,,,,,,,,,,,,,,,,,,,,,,,,,,,,,,,,,,,,,,,,,,,,,,,,,,,,,,,,,,,,,,,,,,,,,,,,,,,,,,,,,,,,,,,,,2,3000000,16,RS422,,[3000000],2,16,16,RS422,,,,,,,,,,,,,,,,,,,,,,,,,,,,,
64,,,,,,,,,,,,,,,,,,,,,,,,,,,,,,,,,,,,,,,,16,16000000,40000000,,,,,,,,,,,,,,,,,True,,,True,,,5V CMOS（兼容5V TTL）,,,,,,,,,,,,,,,,,,,,,,,,,,,,,,,,,,,,,,,,,,,,,,,,,,,,,,,,,,,,,,,,,,,,,,,,,,,,,,,,,,,,,,,16,,,,,,,,,,,,,,,,,,,,,,,,,,,,,,,,,,,,,,,,,,,,,,,,,,,,,,,,,,,,,,,,,,,,,,,,
65,,,,,,,,,,,,,,,,,,,,,,,,,,,,,,,cPCI,,,,,,,,,16,10000000.0,,,,,,,,,,,,,,,,,,True,,,True,True,,5V RS422,16,16,,,,,,,,,,,,,,,,,,,,,,,,,,,,,,,,,,,,,,,,,,,,,,,,,,,3U CPCI,,,,,,,,,,,,,,,,,,,,,,,,,,,,,,,,,,,,,,,,,,,,,,,,,,,,,,,,,,,,,,,,,,,,,,,,,,,,,,,,,,,,,,3U cPCI总线板卡 8/16通道转速采集接口 每通道包含转速和转向输入信号 输入接口最贷款10MHz 支持转速脉冲定时中断功能 支持转速脉冲整数中断功能 隔离输入 电平规格：5V RS422电平 输出接口：TE-5787082-7,转速采集卡,,,,,3U cPCI总线板卡 8/16通道转速采集接口 每通道包含转速和转向输入信号 输入接口最贷款10MHz 支持转速脉冲定时中断功能 支持转速脉冲整数中断功能 隔离输入 电平规格：5V RS422电平 输出接口：TE-5787082-7,,,,,,,,,,,,,cPCI-21D85,差分脉冲采集卡
66,,,,,,,,,,,,,,,,,"[""单端"", ""差分""]",,,,,,,,,,,,,,,,,,,,,,,,,,,,,,,,,,,,,,,,,,,,,,,,,,,,,,,,,,,,,,,,,,,,,,,,,,,,,,,,,,,,,,,,,,,,,,,,,,,,,,,,,,,,,,,,,,,,,,,,,,,,,,,,,,,,,,,,,,,,,,2,True,100.0,10.0,20.0,26.0,0.0,True,16,,,,,,,,,,,,,,,,,,,,,,,,,,,,,,,,,,,,,,,,,,,,,,,,,,,,,,,,,
67,,,,,,,,,,,,,,,,,"[""单端"", ""差分""]",,,,,,,,,,,,,,,,,,,,,,,,,,,,,,,,,,,,,,,,,,,,,,,,,,,,,,,,,,,,,,,,,,,,,,,,,,,,,,,,,,,,,,,,,,,,,,,,,,,,,,,,,,,,,,,,,,,,,,,,,,,,,,,,,,,,,,,,,,,,,,2,True,100.0,10.0,20.0,26.0,0.0,True,16,,,,,,,,,,,,,,,,,,,,,,,,,,,,,,,,,,,,,,,,,,,,,,,,,,,,,,,,,
68,,,,,,,,,,,,,,,,,,,,,,,,,,,,,,,CompactPCI,,,,,,,,,,,,,,,,,,,,,,,,,,,,,,,,,,,,,,,,,,,,,,,,,,,,,,,,,,,,,,,,,,,,,,,,,,,,,,,,,,,,,,,3U CPCI,,,,,,,,,,,,,,,,,,,,,,,,,,,,,,,,,,,,,,,,,2,,,,,,,,,,,,,,,,,,,,,,,,,,,,,,,,,,,,,,,,,,,,,,,,,,,,,True,True,,,,,,,,,,,
69,,,,,,,,,,,,,,,,,,,,,,,,,,,,,,,cPCI/PCI/PCIe/PXIe,,,,,,,,,,,,,,,,,,,,,,,,,,,,,,,,,,,,,,,,,,,,,,,,,,,,,,,,,,,,,,,,,,,,,,,,,,,,,,,,,,,,,,,,,,,,,8.0,2,10.0,1.0,True,100.0,50.0,10.0,,,,,,,,5.0,,,,,,,,,,,,,,,,,,,,,,,,,,,,,,,,,,,,,,,,,,,,,,,,,,,,,,,,,,,,,,,,,,,,,,,,,,,,,,,,,,,,,
70,,,,,,,,,,,,,,,,,,,,,,,,,,,,,,,cPCI/PCI/PCIe/PXIe,,,,,,,,,,,,,,,,,,,,,,,,,,,,,,,,,,,,,,,,,,,,,,,,,,,,,,,,,,,,,,,,,,,,,,,,,,,,,,,,,,,,,,,,,,,,,8.0,4,10.0,1.0,True,100.0,50.0,10.0,,,,,,,,5.0,,,,,,,,,,,,,,,,,,,,,,,,,,,,,,,,,,,,,,,,,,,,,,,,,,,,,,,,,,,,,,,,,,,,,,,,,,,,,,,,,,,,,
71,,,,,,,,,,,,,,,,,,,,16,,,,,,,,,,,,,,,,,,,,,,,,,,,,,,,,,,,,,,,,,,,,,,,,,,,,,,,,,,,,,,,,,,,,,,,,,,,,,,,,,,,,,,,,,,,,,,,,,,,,,,,,,8,10.0,-10.0,,15000.0,400.0,10.0,,,,,,,,,,,,,,,,,,,,,,,,,,,,,,,,,,,,,,,,,,,,,,,,,,,,,,,,,,,,,,,,,,,,,,,,,,,,,,,,,,,,,,,,,,,,,
72,,,,,,,,,,,,,,,,,,,,,,,,,,,,,,,,,,,1000000,,2,20.0,,,,,,,,,,,,,,,,,,,,,,,,,,,,,,,,,,,,,,,,,,,,,,,,,,,,,,,,,,,,,,,,,,,,,,,,,,,,,,,,,,,,,,,,,,,,,,,,,,,,,,,,,,,,,,,,,,,,,,,,,,,,,,,,,,,,,,,,,,,,,,,,,,,,,,,,,,,,,,,,,,,,,,,,,,,,,,,,,,,,,,,,,,
73,,,,,,,,,,,,,,,,,,,,,,,,,,,,,,,,,,False,1000000,1000000,4,10.0,,,,,,,,,,,,,,,,,,,,,,,,,,,,,,,,,,,,,,,,,,,,,,,,,,,,,,,,,,,,,,,,,,,,,,,,,,,,,,,,,,,,,,,,,,,,,,,,,,,,,,,,,,,,,,,,,,,,,,,,,,,,,,,,,,,,,,,,,,,,,,,,,,,,,,,,,,,,,,,,,,,,,,,,,,,,,,,,,,,,,,,,,,
74,,,,,,,,,,,,,,,,,,,,,,,,,,,,,,,,,,,1000000,10000,10,,,,,,,,,,,,,,,,,,,,,,,,,,,,,,,,,,,,,,,,,,,,,,,,,,,,,,,,,,,,,,,,,,,,,,,,,,,,,,,,,,,,,,,,,,,,,,,,,,,,,,,,,,,,,,,,,,,,,,,,,,,,,,,,,,,,,,,,,,,,,,,,,,,,,,,,,,,,,,,,,,,,,,,,,,,,,,,,,,,,,,,,,,,
75,,,,,,,,,,,,,,,,,,,,,,,,,,,,,,,3U CPCI,,,,,,,,,,,,,,,,,,,,,,,,,,,,,,,,,,,,,,,,,,,,,,,,,,,,,,,,,,,,,,,,,,,,,,,,,,,,,,,,,,,,,,,,,,,,,,,,,,,,,,,,,,,,,,,,,,,,,,,,,,,,,,,,,,,,,,,,,,,,,,,,,,,,,,,,,,,,,,,,,,,,,,,,,4,"[""RS-232"", ""RS-422"", ""RS-485""]",,921600,,,,,,,,,,,,,,,,,,,,,
76,,,,,,,,,,,,,,,,,,,,,,,,,,,,,,,3U CPCI,,,,,,,,,,,,,,,,,,,,,,,,,,,,,,,,,,,,,,,,,,,,,,,,,,,,,,,,,,,,,,,,,,,,,,,,,,,,,,,,,,,,,,,,,,,,,,,,,,,,,,,,,,,,,,,,,,,,,,,,,,,,,,,,,,,,,,,,,,,,,,,,,,,,,,,,,,,,,,,,,,,,,,,,,4,"[""RS-232"", ""RS-422"", ""RS-485""]",True,230400,,,,,,,,,,,,,,,,,,,,,
77,,,,,,,,,,,,,,,,,,,,,,,,,,,,,,,,,,,,,,,,,,,,,,,,,,,,,,,,,,,,,,,,,,,,,,,,,,,,,,,,,,,,,,,,,,,,,,,,,,,,,,,,,,,,,,,,,,,,,,3U CPCI,,,,,,,,,,,,,,,,,,,,,,,,,,,,,,,,,,,,,,,,,,,,,,,,,,,,,,,,,,,,,,,,,,,,,,,,,,,,,,,,,,8,"[""RS-232"", ""RS-422"", ""RS-485""]",True,230400,,,,,,,,,,,,,,,,,,,,,
78,,,,,,,,,,,,,,,,,,,,,,,,,,,,,,,3U CPCI,,,,,,,,,,,,,,,,,,,,,,,,,,,,,,,,,,,,,,,,,,,,,,,,,,,,,,,,,,,,,,,,,,,,,,,,,,,,,,,,,,,,,,,,,,,,,,,,,,,,,,,,,,,,,,,,,,,,,,,,,,,,,,,,,,,,,,,,,,,,,,,,,,,,,,,,,,,,,,,,,,,,,,,,,16,"[""RS-232"", ""RS-422"", ""RS-485""]",True,230400,,,,,,,,,,,,,,,,,,,,,
79,,,,,,,,,,,,,,,,,,,,,,,,,,,,,,,CPCI,,,,,,,,,,,,,,,,,,,,,,,,,,,,,,,,,,,,,,,,,,,,,,,,,,,,,,,,,,,,,,,,,,,,,,,,,,,,,,,,,,,,,,,,,,,,,,,,,,,,,,,,,,,,,,,,,,,,,,,,,,,,,,,,,,,,,,,,,,,,,,,,,,,,,,,,,,,,,,,,,,,,,,,,,4,"[""RS-232"", ""RS-422"", ""RS-485""]",,2000000,,,,,,,,,,,,,,,,,,,,,
80,,,,,,,,,,,,,,,,,,,,,,,,,,,,,,,cPCI,,,,,,,,,,,,,,,,,,,,,,,,,,,,,,,,,,,,,,,,,,,,,,,,,,,,,,,,,,,,,,,,,,,,,,,,,,,,,,,,,,,,,,,,,,,,,,,,,,,,,,,,,,,,,,,,,,,,,,,,,,,,,,,,,,,,,,,,,,,,,,,,,,,,,,,,,,,,,,,,,,,,,,,,,8,"[""RS-232"", ""RS-422"", ""RS-485""]",,2000000,,,,,,,,,,,,,,,,,,,,,
81,,,,,,,,,,,,,,,,,,,,,,,,,,,,,,,CPCI,,,,,,,,,,,,,,,,,,,,,,,,,,,,,,,,,,,,,,,,,,,,,,,,,,,,,,,,,,,,,,,,,,,,,,,,,,,,,,,,,,,,,,,,,,,,,,,,,,,,,,,,,,,,,,,,,,,,,,,,,,,,,,,,,,,,,,,,,,,,,,,,,,,,,,,,,,,,,,,,,,,,,,,,,8,"[""RS-232"", ""RS-422"", ""RS-485""]",,4000000,,,,,,,,,,,,,,,,,,,,,
82,,,,,,,,,,,,,,,,,,,,,,,,,,,,,,,CPCI,,,,,,,,,,,,,,,,,,,,,,,,,,,,,,,,,,,,,,,,,,,,,,,,,,,,,,,,,,,,,,,,,,,,,,,,,,,,,,,,,,,,,,,,,,,,,,,,,,,,,,,,,,,,,,,,,,,,,,,,,,,,,,,,,,,,,,,,,,,,,,,,,,,,,,,,,,,,,,,,,,,,,,,,,8,"[""RS-232"", ""RS-422"", ""RS-485""]",,4000000,,,,,,,,,,,,,,,,,,,,,
83,,,,,,,,,,,,,,,,,,,,,,,,,,,,,,,CPCI,,,,,,,,,,,,,,,,,,,,,,,,,,,,,,,,,,,,,,,,,,,,,,,,,,,,,,,,,,,,,,,,,,,,,,,,,,,,,,,,,,,,,,,,,,,,,,,,,,,,,,,,,,,,,,,,,,,,,,,,,,,,,,,,,,,,,,,,,,,,,,,,,,,,,,,,,,,,,,,,,,,,,,,,33554432,16,"[""RS-232"", ""RS-422"", ""RS-485""]",True,2000000,,,,,,,,,,,,,,,,,,,,,
84,,,,,,,,,,,,,,,,,,,,,,,,,,,,,,,PXIe,,,,,,,,,,,,,,,,,,,,,,,,,,,,,,,,False,,,12,,,,,,,,,,,,,,,,False,,,,,,,,,,,,,,,,,,,,,,,,,,,,,,,,,,,,PXIe,,,,,,,,,,,,,,,,,,,,,,,,,,,,,,,,,,,0,,,,,False,,,,,,,,,,,,,,,,,,,,,,,,,,,,,,,,,,,,,,,,100,,12,"[""RS-422""]",,10000000,,串口板卡,,,,,,,,,,,,,,,,,,,高速RS422板卡
85,,,,,,,,,,,,,,,,,,,,,,,,,,,,,,,,,,,,,,,,,,,,,,,,,,,,,,,,,,,,,,,,,,,,,,,,,,,,,,,,,,,,,,,,,,,,,,,,,,,,,,,,,,,,,,,,,,,,,,,,,,,,,,,,,,,,,,,,,,,,,,,,,,,,,,,,,,,,,,,,,,,,,,,,,,,,,,,,,,,,,,,,,2,,,,,,,,,,,,,,,,,,,,,,,,,,,,,,,,,,,,,,,
86,,,,,,,,,,,,,,,,,,,,,,,,,,,,,,,,,,,,,,,,,,,,,,,,,,,,,,,,,,,,,,,,,,,,,,,,,,,,,,,,,,,,,,,,,,,,,,,,,,,,,,,,,,,,,,,,,,,,,,,,,,,,,,,,,,,,,,,,,,,,,,,,,,,2,,,,,,,,,,,,,,,,,,,,,,,,,,,,,,,,,,,,,,,,,,,,,,,,,,,,,,,,,,,,,,,,,,,,,,,,,,,,,
87,,,,,,,,,,,,,,,,,,,,,,,,,,,,,,,CompactPCI PICMG 2.0 R2.1,,,,,,,,,,,,,,,,,,,,,,,,,,,,,,,,,,,,,,,,,,,,,,,,,,,,,,,,,,,,,,,,,,,,,,,,,,,,,,,,,,,,,,,3U CPCI,,,,,,,,,,,,,,,,,,,,,,,,,,,,,,,,,,,,,,,,,,,,,,,,,,,,,,,,,,,,,,,,,,,,4,50000000,16,RS422,,,,,,,,,,,,,,,,,,,,,,,,,,,,,,,,,,,
88,,,,,,,,,,,,,,,,,,,,,,,,,,,,,,,3U cPCI,,,,,,,,,,,,,,,,,,,,,,,,,,,,,,,,,,5V CMOS/TTL,,,,,,,,,,,,,,,,,,,,,,,,,,,,,,,,,,,,,,,,,,,,,,,,,,,,,,2048,4,Slave,,,,,,,,,,,,,,,,,,,,,,,,,,,,,,,,,,,,,,,,,,,,,,,,,,,,,,,,,,,,,,,,,,,32,,,,,,,,,,,,,,,,,,,,,,,,,,,,,1.0,400,100,,,,,
89,,,,,,,,,,,,,,,,,,,,,,,,,,,,,,,3U cPCI,,,,,,,,,,,,,,,,,,,,,,,,,,,,,,,True,,,5V RS422,,,,,,,,,,,,,,,,,,,,,,,,,,,,,,,,,,,,,,,,,,,,,,,,,,,,,,,,,,0,,,,,,,,,,,,,,,,,4,,,,,,,,,,,,,,,,,,,,,,,,,,,,,,,,,,,,,,,,,,,,,,,,,,,,,,,,,,,4096,,"[""RS-422""]",,,,,,,,,,,,,,,,,,,,,,,
90,,,,,,,,,,,,,,,,,"[""差分""]",,,,,,,,,,,,,,,,,,,,,,,,,,,,,,,,,,,,,,,,,,,,,True,,,5V RS422,,,,,,,,,,,,,,,,,,,,,,,,,,,,,,,,,,,,,,,,,,,,,,,,,,,,,3U cPCI,,,,,4,,,,,,,,,,,,,,,,,,,,,,,,,,,,,,,,,,,,,,,,,,,,,,,,,,,,,,,,,,,,,,,,,,,,,,,,,,,,4096,,,,,,通讯板卡,,,,,,,,,,,,,,,,,,,LVDS通讯板卡
91,,,,,,,,,,,,,,,,,,,,,,,,,,,"[2000000, 1000000, 0, 250000]",5,32,8,,,,,,,,,,,,,,,,,,,,,,,,,,,,,,,,,,,,,,,,,,,,,,,,,,,,,,,,,,,,,,,,,,,,,,,,,,,,,,,,,,,,,,,,3U CPCI,,,,,,,,,,,,,,,,,,,,,,,,,,,,,,,,,,,,,,,,,,,,,,,,,,,,,,,,,,,,,,,,,,,,,,,,,,,,,,255,CompactPCI PICMG 2.0 R2.1,,,,,,,,,,,,,,,,,,,,,,,,,,,
92,,,,,,,,,,,,,,,,,,,,,,,,,,,,,,,3U CPCI,,,,,,,,,,,,,,,,,,,,,,,,,,,,,,,,,,,,,,,,,,,,,,,,,,,,,,,,,,,,,,,,,,,,,,,,,,,,,,,,,,,,,,,,,,,,,,,,,,,,,1,False,"[""BC"", ""RT"", ""BM""]",True,,,,,,,,,,,,,,,,,,,,,,,,,,,,,,,,,,,,,,,,,,,,,,,,,,,,,,,,,,,,,,,,,,,,,,,,,,,,,,,,,,,,,,,,,
93,,,,,,,,,,,,,,,,,,,,,,,,,,,,,,,3U CPCI,,,,,,,,,,,,,,,,,,,,,,,,,,,,,,,,,,,,,,,,,,,,,,,,,,,,,,,,,,,,,,,,,,,,,,,,,,,,,,,,,,,,,,,,,,,,,,,,,,,,,1,True,"[""BC"", ""RT"", ""BM""]",True,,,,,,,,,,,,,,,,,,,,,,,,,,,,,,,,,,,,,,,,,,,,,,,,,,,,,,,,,,,,,,,,,,,,,,,,,,,,,,,,,,,,,,,,,
94,,,,,,,,,,,,,,,,,,,,,,,,,,,,,,,3U CPCI,,,,,,,,,,,,,,,,,,,,,,,,,,,,,,,,,,,,,,,,,,,,,,,,,,,,,,,,,,,,,,,,,,,,,,,,,,,,,,,,,,,,,,,,,,,,,,,,,,,,,2,False,"[""BC"", ""RT"", ""BM""]",True,,,,,,,,,,,,,,,,,,,,,,,,,,,,,,,,,,,,,,,,,,,,,,,,,,,,,,,,,,,,,,,,,,,,,,,,,,,,,,,,,,,,,,,,,
95,,,,,,,,,,,,,,,,,,,,,,,,,,,,,,,3U CPCI,,,,,,,,,,,,,,,,,,,,,,,,,,,,,,,,,,,,,,,,,,,,,,,,,,,,,,,,,,,,,,,,,,,,,,,,,,,,,,,,,,,,,,,,,,,,,,,,,,,,,2,True,"[""BC"", ""RT"", ""BM""]",True,,,,,,,,,,,,,,,,,,,,,,,,,,,,,,,,,,,,,,,,,,,,,,,,,,,,,,,,,,,,,,,,,,,,,,,,,,,,,,,,,,,,,,,,,
96,,,,,,,,,,,,,,,,,,,,,,,,,,,,,,,,,,,,,,,,,,,,,,,,,,,,,,,,,,,,,,,,,,,,,,,,,,,,,,,,,,,,,,,,,,,,,,,,,,,,,,,,,,,,,,,,,,,,,,,,,,,,,,,,,,,,,,,,,,,,,,,,,,,,,,,,,,,,,,,,,,,,,,,,,,,,,,,,,,,,,,,,,,,,,,,,,,,,,,78,,,,,,,,,,,,,,,,,,,,,,,,,,
97,,,,,,,,,,,,,,,,,,,,,,,,,,,,,,,,,,,,,,,,,,,2,,,,,,,,,,,,,,,,,,,,,,,,,,,,,,,,,,,,,,,,,,,,,,,,,,,,,,,,,,,,,,,,,,,,,,,,,,,,,,,,,,,,,,,,,,,,,,,,,,,,,,,,,,,,,,,,,,,,,,,,,,,,,,,,,,,,,,,,,,,,,,,,,,,,,,,,,,,,,,,,,,耦合器,,,,,,,,,,,,,,,,,,,1553B耦合器
98,,,,,,,,,,,,,,,,,,,,,,,,,,,,,,,,,,,,,,,,,,,4,,,,,,,,,,,,,,,,,,,,,,,,,,,,,,,,,,,,,,,,,,,,,,,,,,,,,,,,,,,,,,,,,,,,,,,,,,,,,,,,,,,,,,,,,4,,,,,,,,,,,,,,,,,,,,,,,,,,,,,,,,,,,,,,,,,,,,,,,,,,,,,,,,,,,,,,,,,,,,,,,,,,,,,,,,,,,,,,,,,,,,
99,,,,,,,,,,,,,,,,,,,,,,,,,,,,,,,,,,,,,,,,,,,8,,,,,,,,,,,,,,,,,,,,,,,,,,,,,,,,,,,,,,,,,,,,,,,,,,,,,,,,,,,,,,,,,,,,,,,,,,,,,,,,,,,,,,,,,8,,,,,,,,,,,,,,,,,,,,,,,,,,,,,,,,,,,,,,,,,,,,,,,,,,,,,,,,,,,,,,,,,,,,,,,,,,,,,,,,,,,,,,,,,,,,
100,,,,,,,,,,,,,,,,,,,,,,,,,,,,,,,,,,,,,,,,,,,,,,,,,,,,,,,,,,,,,,,,,,,,,,,,,,,,,,,,,,,,,,,,,,,,,,,,,,,,,,,,,,,,,,,,,,,,,,,,,,,,,,,,,,,,,,,,,,,,,,,,,,,,,,,,,,,,,,,,,,,,,,,,,,,,,,,,,,,,,,,,,,,,,,,,,,,,,,,,,,,,,线缆,,,,,2米1553B电缆,,,,,,,,,,,,,,1553B测试电缆
101,1024,"[""12.5k"", ""48k"", ""100k""]",4,4,,,,,,,,,,,,,,,,,,,,,,,,,,,3U CPCI,,,,,,,,,,,,,,,,,,,,,,,,,,,,,,,,,,,,,,,,,,,,,,,,,,,,,,,,,,,,,,,,,,,,,,,,,,,,,,,,,,,,,,,,,,,,,,,,,,,,,,,,,,,,,,,,,,,,,,,,,,,,,,,,,,,,,,,,,,,,,,,,,,,,,,,,,,,,,,,,,,,,,,,,,,,,,,,,,,,,,,,,,,,,,,,,,ARINC429接口卡
102,1024,"[""12.5k"", ""48k"", ""100k""]",8,8,,,,,,,,,,,,,,,,,,,,,,,,,,,3U CPCI,,,,,,,,,,,,,,,,,,,,,,,,,,,,,,,,,,,,,,,,,,,,,,,,,,,,,,,,,,,,,,,,,,,,,,,,,,,,,,,,,,,,,,,,,,,,,,,,,,,,,,,,,,,,,,,,,,,,,,,,,,,,,,,,,,,,,,,,,,,,,,,,,,,,,,,,,,,,,,,,,,,,,,,,,,,,,,,,,,,,,,,,,,,,,,,,,ARINC429接口卡
103,1024,"[""12.5k"", ""48k"", ""100k""]",16,16,,,,,,,,,,,,,,,,,,,,,,,,,,,3U CPCI,,,,,,,,,,,,,,,,,,,,,,,,,,,,,,,,,,,,,,,,,,,,,,,,,,,,,,,,,,,,,,,,,,,,,,,,,,,,,,,,,,,,,,,,,,,,,,,,,,,,,,,,,,,,,,,,,,,,,,,,,,,,,,,,,,,,,,,,,,,,,,,,,,,,,,,,,,,,,,,,,,,,,,,,,,,,,,,,,,,,,,,,,,,,,,,,,
104,,"[""10k"", ""12.5k"", ""48k"", ""50k"", ""100k"", ""150k""]",8,8,,,,,,,,,,,,,,,,,,,,,,,,,,,cPCI,,,,,,,,,,,,,,,,,,,,,,,,,,,,,,,,,,,,,,,,,,,,,,,,,,,,,,,,,,,,,,,,,,,,,,,,,,,,,,,,,,,,,,,,,,,,,,,,,,,,,,,,,,,,,,,,,,,,,,,,,,,,,,,,,,,,,,,,,,,,,,,,,,,,,,,,,,,,,,,,,,,,,,,,,,,,,,,,,,,,,,,,,,,,,,,,,
105,,"[""10K"", ""12.5K"", ""48K"", ""50K"", ""100K"", ""150K""]",16,16,,,,,,,,,,,,,,,,,,,,,,,,,,,CPCI,,,,,,,,,,,,,,,,,,,,,,,,,,,,,,,,,,,,,,,,,,,,,,,,,,,,,,,,,,,,,,,,,,,,,,,,,,,,,,,,,,,,,,,3U,,,,,,,,,,,,,,,,,,,,,,,,,,,,,,,,,,,,,,,,,,,,,,,,,,,,,,,,,,,,,,,,,,,,,,,,,,,,,,,,,,,,,,,通讯接口板,,,,,,,,,,,,,,,,,,,ARINC-429通讯接口卡
106,,,,,,,,,,,,,,,,,,,,,,2,True,4,8388608,8388608,,,,,"32bit,33MHz",,,,,,,,,,,,,,,,,,,,,,,,,,,,,,,,,,,,,,,,,,,,,,,,,,,,,,,,,,,,,,,,,,,,,,,,,,,,,,,,,,,,,,,3U CPCI,,,,,,,,,,,,,,,,,,,,,,,1,,,,,,,,,,,,,,,,,,,,,,,,,,,,,,,,,,,,,,,,,,,,,,,,,,,,,,,,,,,,,,,"3U CPCI，支持ARINC664规范；2路双冗余通道（2路发送，2路接收，4个10/100M端口），发送存储深度：8MByte/通道（可选16M），接收存储深度：8MByte/通道（可选16M），硬件实现AFDX协议栈；32bit,33MHz； 支持时间来源于IRIG（可选）",AFDX接口板,,,,,,,,,,,,,,,,,,,ARINC664 AFDX接口模块
107,,,,,,,,,,,,,,,,,,,,,,1,True,1,8388608,8388608,,,,,"32bit,33MHz",,,,,,,,,,,,,,,,,,,,,,,,,,,,,,,,,,,,,,,,,,,,,,,,,,,,,,,,,,,,,,,,,,,,,,,,,,,,,,,,,,,,,,,3U CPCI,,,,,,,,,,,,,,,,,,,,,,,1,,,,,,,,,,,,,,,,,,,,,,,,,,,,,,,,,,,,,,,,,,,,,,,,,,,,,,,,,,,,,,,"3U CPCI，支持ARINC664规范；单通道单冗余通道，发送存储深度：8MByte/通道（可选16M），接收存储深度：8MByte/通道（可选16M），硬件实现AFDX协议栈；32bit,33MHz； 支持时间来源于IRIG（可选）",AFDX接口板卡,,,,,,,,,,,,,,,,,,,ARINC664 AFDX接口模块
108,,,,,,,,,,,,,,,,,,,,,,,,,,,,,,,,,,,,,,,,,,,,,,,,,,,,,,,,,,,,,,,,,,,,,,,,,,,,,,,,,,,,,,,,,,,,,,,,,,,,,,True,4,RJ-45,"[""10BASE-T"", ""100BASE-TX"", ""1000BASE-T""]",,,,,,,,,,,,,,,,,,,,,,,,,,,,,,,,,,,,,,,,,,,,,,,,,,,,,,,,,,,,,,,,,,,,,,,,,,,,,,,,,,,,,,,,,,,,,,,,,,,,以太网卡,,,,,,,,,,,,,,,,,,,以太网接口板卡
109,,,,,,,,,,,,,,,,,,,,,,,,,,,,,,,,,,,,,,,,,,,,,,,,,,,,,,,,,,,,,,,,,,,,,,,,,,,,,,,,,,,,,,,,,,,,,,,,,,,,,,,,,,,,,,,,,,,,,,,,,,,,,,,,,,,,,,,,,,,,,4,"[""5V CMOS"", ""5V RS422""]",40000000,100,4,75,,,,,,,,,,,,,,,,,,,,,,,,,,,,,,,,,,,,,,,,,,,,,,,,,,,,,,,,,,,,,,,,,,,,,,,,,,,,,,
110,,,,,,,,,,,,,,,,,"[""单端"", ""差分""]",,,,,,,,,,,,,,3U cPCI,,,,,,,,,,,,,,,,,,,,,,,,,,,,,,,,,,,,,,,,,,,,,,,,,,,,,,,,,,,,,,,,,,,,,,,,,,,,,,,,,,,,,,,,,,,,,,,,,,,,,,,,,,,单端,,,8,"[""5V CMOS"", ""5V TTL"", ""5V RS422""]",40000000,100,8,,,,,,,,,,,,,,,,,,,,,,,,,,,,,,,,,,,,,,,,,,,,,,,,,,,,,,,,,,,,,,,,,,,,,,,,,,,,,,,
111,,,,,,,,,,,,,,,,,,,,,,,,,,,,,,,PXI,,,,,,,,,,,,,,,,,,,,,,,,,,,,,,,,,,,,,,,,,,,,,,,,,,,,,,,,,,,,,,,,,,,,,,,,,,,,,,,,,,,,,,,,,,,,,,,,,,,,,,,,,,,,,,,,,,,,,,,,,,,,,,,,,,,,,,,,,,,,,,,,10,,4000.0,0.0,12,,,,,,,,,,,,,,,,,,,,,,,,,,,,,,,,,True,,,,,,,,,,,,
112,,,,,,,,,,,,,,,,,,,,,,,,,,,,,,,PXI,,,,,,,,,,,,,,,,,,,,,,,,,,,,,,,,,,,,,,,,,,,,,,,,,,,,,,,,,,,,,,,,,,,,,,,,,,,,,,,,,,,,,,,,,,,,,,,,,,,,,,,,,,,,,,,,,,,,,,,,,,,,,,,,,,,,,,,,,,,,,,,,10,,65000.0,0.0,16,,,,,,,,,,,,,,,,,,,,,,,,,,,,,,,,,True,,,,,,,,,,,,
113,,,,,,,,,,,,,,,,,,,,,,,,,,,,,,,PXI,,,,,,,,,,,,,,,,,,,,,,,,,,,,,,,,,,,,,,,,,,,,,,,,,,,,,,,,,,,,,,,,,,,,,,,,,,,,,,,,,,,,,,,,,,,,,,,,,,,,,,,,,,,,,,,,,,,,,,,,,,,,,,,,,,,,,,,,,,,,,,,,18,,255.0,0.0,8,,,,,,,,,,,,,,,,,,,,,,,,,,,,,,,,,True,,,,,,,,,,,,
114,,,,,,,,,,,,,,,,,,,,,,,,,,,,,,,,,,,,,,,,,,,,,,,,,,,,,,,,,,,,,,,,,,,,,,,,,,,,,,,,,,,,,,,,,,,,,,,,,,,,,,,,,,,,,,,,,,,,,,3U CPCI,,,,,,,,,,,,,,,,,,,,,,,,,,,,,,,,,,,,,,,,,,,,,,,,,,,,,,,,,4,,1.6,0.2,,0.1,,,,,,,,,,,,,,,,,,,,,,,,,,,,,,,,True,,,,,,,,,,,,
115,,,,,,,,,,,,,,,,,,,,,,,,,,,,,,,,,,,,,,,,,,,,,,,,,,,,,,,,,,,,,,,,,,,,,,,,,,,,,,,,,,,,,,,,,,,,,,,,,,,,,,,,,,,,,,,,,,,,,,3U CPCI,,,,,,,,,,,,,,,,,,,,,,,,,,,,,,,,,,,,,,,,,,,,,,,,,,,,,,,,,8,,4095.0,1.0,12,1.0,,,,,,,,,,,,,,,,,CompactPCI PICMG 2.0 R2.1,,,,,,,,,,,,,,,True,True,,,,,,,,,,,
116,,,,,,,,,,,,,,,,,,,,,,,,,,,,,,,,,,,,,,,,,,,,,,,,,,,,,,,,,,,,,,,,,,,,,,,,,,,,,,,,,,,,,,,,,,,,,,,,,,,,,,,,,,,,,,,,,,,,,,,,,,,,,,,,,,,,,,,,,,,,,,,,,,,,,,,,,,,,,,,,,,,,,,,,,,,,,0.125,0.1,8,,100.0,3.0,,0.125,,,,,,,,,,,,,,,,,,,,,,,,,,,,,,,,,,,,,,,,,,,,
117,,,,,,,,,,,,,,,,,,,,,,,,,,,,,,,,,,,,,,,,,,,,,,,,,,,,,,,,,,,,,,,,,,,,,,,,,,,,,,,,,,,,,,,,,,,,,,,,,,,,,,,,,,,,,,,,,,,,,,,,,,,,,,,,,,,,,,,,,,,,,,,,,,,,,,,,,,,,,,,,,,,,,,,,,,,,,0.1,0.1,4,400.0,159999.9,0.0,,0.1,,,,,,,,,,,,,,,,,,,,,,,,,,,,40.0,0.0,,,,,,,,,,,,,,,
118,,,,,,,,,,,,,,,,,,,,,,,,,,,,,,,,,,,,,,,,,,,,,,,,,,,,,,,,,,,,,,,,,,,,,,,,,,,,,,,,,,,,,,,,,,,,,,,,,,,,,,,,,,,,,,,,,,,,,,,,,,,,,,,,,,,,,,,,,,,,,,,,,,,,,,,,,,,,,,,,,,,,,,,,,,,,,0.25,0.1,8,400.0,511.75,0.0,,0.25,,,,,,,,,,,,,,,,,,,,,,,,,,,,40.0,0.0,,,,,,,,,,,,,,,
119,,,,,,,,,,,,,,,,,,,,,,,,,,,,,,,,,,,,,,,,,,,,,,,,,,,,,,,,,,,,,,,,,,,,,,,,,,,,,,,,,,,,,,,,,,,,,,,,,,,,,,,,,,,,,,,,,,,,,,,,,,,,,,,,,,,,,,,,,,,,,,,,,,,,,,,,,,,,,,,,,,,,,,,,,,,,,0.1,0.1,8,400.0,4095.0,0.0,,0.1,,,,,,,,,,,,,,,,,,,,,,,,,,,,40.0,0.0,,,,,,,,,,,,,,,
120,,,,,,,,,,,,,,,,,,,,,100,,,,,,,,,,,,,,,,,,,,,,,,,,,,,,,,,,,,,,,,,,,,,,,,,,,,,,,,,,,,,,,,,,,,,,,,,,,,,,,,,,,,,,,,,,,,,,,,,,,,,,,,,,,,,,,,,,,,,,,,,,,,,,,,,,,,,,,,,,,,,,,,,,,,,,,,,,16,,,,24,,,,,,,,,,,,,,,,,,,,,,,,,,,,,,,,,,,,,,,,,,,,,
121,,,,,,,,,,,,,,,,,,,,,,,,,,,,,,,,,,,,,,,,,,,,,,,,,,,,,,,,,,,,,,True,,,,,,,,,,,,,,,,,,,,,,,,,,,,,,,,,,,,,,,,,,,,,,,,,,,,,,,,3U CPCI,,,,,,,,,,,,,,,,,,,,,,,,,,,,,,,,,,,,,,,,,,,,,,,,,,4096,2120000000,多模,300.0,268435456,,,,,,,,,,,,,,,,,,,,,,,,,,,,,,,,,,,,,,,,,,,,,,,,,,,,
122,,,,,,,,,,,,,,,,,,,,,,,,,,,,,,,,,,,,,,,,,,,,,,,,,,,,,,,,,,,,,,,,,,,,,,,,,,,,,,,,,,,,,,,,,,,,,,,,,,,,,,,,,,,,,,,,,,,,,,3U CPCI,,,,,,,,,,,,,,,,,,,,,,,,,,,,,,,,,,,,,,,,,,,,,,,,,,,,多模,,268435456,,,,,,,,,,,,,,,,,,,,,,,,,,,,,,,,,,,,,,,,,,,,,,,,,,,,
123,,,,,,1V及以上：±0.01%+0.5mV；1V以下：±0.01%+2uV,,8,,,,DC,,,,,"[""差分""]","[""±0.05V"", ""±0.1V"", ""±1V"", ""±10V""]",,24,10000,,,,,,,,,,,,,,,,,,,,,,,,,,,,,,,,,,,,,,,,,,,,,,,,,,,,,,,,,,,,,,,,,,,,,,,,,,,,,,,,,,,,,,,,,,,,,,,,,,,,,,,,,,,,,,,,,,,,,,,,,,,,,,,,,,,,,,,,,,,,,,,,,,,,,,,,,,,,,,,,,,,,,,,,,,,,,,,,,,,,,,,,,,,,,,,,,,,,,,,,,,,
