category,type,model,brand,price_cny,quantity,total_amount_cny,created_at,brief_description,detailed_description
多功能采集,多功能采集卡,Links-IPC-DAQ-05,灵思创奇,￥250,1,￥250,,"16路A/D并行采集，16位分辨率，±10 V（可客制-30V～+30V），采样率100kHz；
16路D/A并行输出，16位分辨率，±10 V，数据更新率100KHz；
32路数字I/O线（5V CMOS/TTL），可软件配置为DI、DO、计数器输入/输出，PWM输入/输出，16个32位计数器。","16路A/D并行采集，16位分辨率，±10 V（可客制-30V～+30V），采样率100kHz；
16路D/A并行输出，16位分辨率，±10 V，数据更新率100KHz；
32路数字I/O线（5V CMOS/TTL），可软件配置为DI、DO、计数器输入/输出，PWM输入/输出，16个32位计数器。"
多功能采集,多功能采集卡,Links-IPCe-DAQ-06,灵思创奇,￥190,1,￥190,,"1）32路单端/16路差分A/D输入，16位分辨率，采样率0KHz，输入范围±10V/±5V/±2.5V/±1.25V/±0.625V可设；
2）4路同步D/A输出，16位分辨率，单通道更新率最大可达2.8M Samples/S，±10V, ±5V输出；
3)4通道32位定时器/计数器","1）32路单端/16路差分A/D输入，16位分辨率，采样率0KHz，64M FIFO,输入范围±10V/±5V/±2.5V/±1.25V/±0.625V可设；
2）4路同步D/A输出，16位分辨率，单通道更新率最大可达2.8M Samples/S，±10V, ±5V输出；
3)48路DIO，TTL电平，软件可配；（细化参数，功能单一，找交付）
4)4通道32位定时器/计数器"
多功能采集,多功能采集卡,Links-IPC-DAQ-07,灵思创奇,￥90,1,￥90,,"1）32路单端/16路差分A/D输入，16位分辨率，采样率100KHz,输入范围±10V/±5V/±2.5V/±1.25V可设；
2）16通道DO，16通道DI，20VRMS隔离；
3) 1 通道32位定时器/计数器","1）32路单端/16路差分A/D输入，16位分辨率，采样率100KHz,输入范围±10V/±5V/±2.5V/±1.25V可设；
2）16通道DO，16通道DI，20VRMS隔离；
3)1通道32位定时器/计数器"
多功能采集,多功能采集卡（DA通道已经调整为4路）,Links-IPC-DAQ-08,灵思创奇,￥90,1,￥90,,"12路PWM输出通道，每路可独立控制，10Hz~1MHz，可以两路一组构成互补输出关系（死区可设置）；
2路增量式正交编码器采集通道，32位计数器，可直接输出角度和角速度；
6路差分信号输入通道，可配置为霍尔编码器采集；
8路并行A/D，16位分辨率，±10V，采样率100kHz；
4路DA，16位分辨率，±10V；
8路DI，8路DO，TTL电平；
2路5V供电输出，单路最大电流输出200mA；
2路数字I/O线（5V CMOS/TTL），可配置为脉冲采集通道，可采集脉冲频率和占空比，32位计数器。","12路PWM输出通道，每路可独立控制，10Hz~1MHz，可以两路一组构成互补输出关系（死区可设置）；
2路增量式正交编码器采集通道，32位计数器，可直接输出角度和角速度；
6路差分信号输入通道，可配置为霍尔编码器采集；
8路并行A/D，16位分辨率，±10V，采样率100kHz；
4路DA，16位分辨率，±10V；
8路DI，8路DO，TTL电平；
2路5V供电输出，单路最大电流输出200mA；
2路数字I/O线（5V CMOS/TTL），可配置为脉冲采集通道，可采集脉冲频率和占空比，32位计数器。"
模拟量,模拟量输出卡,Links-IPC-DA-03,灵思创奇,￥150,1,￥150,,"16通道电压或电流输出（软件可配）
16位D/A分辨率
电压输出范围：-10V～+10V
电流输出范围：0～+20mA
电流输出精度0.05%（F.S.）
电压输出精度0.1%（F.S.）","16通道电压或电流输出（软件可配）
16位D/A分辨率
电压输出范围：-10V～+10V
电流输出范围：0～+20mA
电流输出精度0.05%（F.S.）
电压输出精度0.1%（F.S.）"
模拟量,模拟量输出卡,Links-IPC-DA-04,灵思创奇,￥180,1,￥180,,"16通道电压或电流输出（软件可配）
16通道数字量输入/输出（软件可配）
每8通道数字量一组，方向整组设置
5V CMOS电平，兼容5V TTL电平
16位D/A分辨率
电压输出范围：-10V～+10V
电流输出范围：0～+20mA
电流输出精度0.05%（F.S.）
电压输出精度0.1%（F.S.）","16通道电压或电流输出（软件可配）
16通道数字量输入/输出（软件可配）
每8通道数字量一组，方向整组设置
5V CMOS电平，兼容5V TTL电平
16位D/A分辨率
电压输出范围：-10V～+10V
电流输出范围：0～+20mA
电流输出精度0.05%（F.S.）
电压输出精度0.1%（F.S.）"
模拟量,同步模拟量采集卡,Links-IPC-AD-01,灵思创奇,￥190,1,￥190,,"16通道并行模拟量采集，16位分辨率
每8通道一组，整组支持配置为电压采集或电流采集
电压采集：精度0.1%（F.S.），范围-10V～+10V（可客制-30V～+30V）
采样率：200kHz
电流采集：精度0.1%（F.S.），范围-20mA～+20mA（可客制-100mA～+100mA）","16通道并行模拟量采集，16位分辨率
每8通道一组，整组支持配置为电压采集或电流采集
电压采集：精度0.1%（F.S.），范围-10V～+10V（可客制-30V～+30V）
采样率：200kHz
电流采集：精度0.1%（F.S.），范围-20mA～+20mA（可客制-100mA～+100mA）"
模拟量,同步模拟量采集卡,Links-IPC-AD-02,灵思创奇,￥190,1,￥190,,"32通道并行模拟量采集，16位分辨率
每8通道一组，整组支持配置为电压采集或电流采集
电压采集：精度0.2%（F.S.），范围-10V～+10V（可客制-30V～+30V）
采样率：200kHz
电流采集：精度0.2%（F.S.），范围-20mA～+20mA（可客制-100mA～+100mA）","32通道并行模拟量采集，16位分辨率
每8通道一组，整组支持配置为电压采集或电流采集
电压采集：精度0.2%（F.S.），范围-10V～+10V（可客制-30V～+30V）
采样率：200kHz
电流采集：精度0.2%（F.S.），范围-20mA～+20mA（可客制-100mA～+100mA）"
模拟量,同步模拟量采集卡（隔离）,Links-IPC-AD-03,灵思创奇,￥270,1,￥270,,"16/32通道模拟量采集
每通道100Ksps采样速率
输入电压范围：+10V～-10V，支持客制至+30V～-30V
输入电流范围：+20mA～-20mA
电流采样电阻：470Ω@0.250mW，精度0.1%
电压输入模式输入阻抗：10MΩ，精度10%","16/32通道模拟量采集
每通道100Ksps采样速率
输入电压范围：+10V～-10V，支持客制至+30V～-30V
输入电流范围：+20mA～-20mA
电流采样电阻：470Ω@0.250mW，精度0.1%
电压输入模式输入阻抗：10MΩ，精度10%"
通信协议,串口卡,Links-IPC-SER-01,灵思创奇,￥60,1,￥60,,PCI接口，8路异步串行通道，支持RS-232/422/485模式配置，通讯速度可达到921.6Kbps，板载128字节FIFO,PCI接口，8路异步串行通道，支持RS-232/422/485模式配置，通讯速度可达到921.6Kbps，板载128字节FIFO，采用标准的16PCI954 UART
通信协议,串口卡,Links-IPCe-SER-02,灵思创奇,￥60,1,￥60,,PCIe接口，8路异步串行通道，支持RS-232/422/485模式配置，通讯速度可达到921.6Kbps，板载128字节FIFO,PCIe接口，8路异步串行通道，支持RS-232/422/485模式配置，通讯速度可达到921.6Kbps，板载128字节FIFO，采用高性能的PCIe958 UART
通信协议,串口卡,Links-IPC-SER-03,灵思创奇,￥60,1,￥60,,PCI接口，4路异步串行通道，支持RS-232/422/485模式配置，通讯速度可达到921.6Kbps,PCI接口，4路异步串行通道，支持RS-232/422/485模式配置，通讯速度可达到921.6Kbps，板载256字节FIFO，采用高性能的XR17V354芯片；
通信协议,CAN接口板卡,Links-IPC-CAN,灵思创奇,￥60,1,￥60,,CAN总线接口，2个高速通道，16Mhz控制速率， 1Mbps传输率，20V隔离 ；,CAN总线接口，2个高速通道，16Mhz控制速率， 1Mbps传输率，20V隔离 ；
通信协议,CAN/CAN-FD接口卡,Links-IPC-CANFD-04,灵思创奇,￥80,1,￥80,,"4通道CAN/CAN-FD卡，DB37接口。
CAN 通讯波特率在 40Kbps~1Mbps 之间任意可编程；
CANFD 波特率在 1Mbps~5Mbps 之间任意可编程；","4通道CAN/CAN-FD卡，DB37接口。
CAN 通讯波特率在 40Kbps~1Mbps 之间任意可编程；
CANFD 波特率在 1Mbps~5Mbps 之间任意可编程；
单通道发送最高数据流量：40 帧/秒（远程帧、单帧发送）；
单通道接收最高数据流量：100 帧/秒（远程帧）；
提供Linux驱动，支持电气隔离，支持ISO/Bosch CANFD标准，支持车载DBC协议收发，支持车载UDS协议诊断，支持CANopen与J1939协议分析，带120Ω终端电阻。"
通信协议,CAN/CAN-FD接口卡,Links-IPC-CANFD-02,灵思创奇,￥60,1,￥60,,"2通道CAN/CAN-FD卡，DB9接口。
CAN 通讯波特率在 40Kbps~1Mbps 之间任意可编程；
CANFD 波特率在 1Mbps~5Mbps 之间任意可编程；
","2通道CAN/CAN-FD卡，DB9接口。
CAN 通讯波特率在 40Kbps~1Mbps 之间任意可编程；
CANFD 波特率在 1Mbps~5Mbps 之间任意可编程；
单通道发送最高数据流量：40 帧/秒（远程帧、单帧发送）；
单通道接收最高数据流量：100 帧/秒（远程帧）；
提供Linux驱动，支持电气隔离，支持ISO/Bosch CANFD标准，支持车载DBC协议收发，支持车载UDS协议诊断，支持CANopen与J1939协议分析，带120Ω终端电阻。"
通信协议,Profinet接口,Links-IPCe-Profinet,灵思创奇,￥150,1,￥150,,"支持profinet实时以太网协议
用于各种协议和接口类型的同一应用程序API
设备驱动程序广泛，轻松集成
通过双端口内存（DPM）或直接内存访问，访问数据
通过旋码开关分配唯一的槽号","支持profinet实时以太网协议
用于各种协议和接口类型的同一应用程序API
设备驱动程序广泛，轻松集成
通过双端口内存（DPM）或直接内存访问，访问数据
通过旋码开关分配唯一的槽号"
通信协议,EtherCat接口,Links-IPCe-EtherCat,灵思创奇,￥150,1,￥150,,"支持ethercat实时以太网协议
用于各种协议和接口类型的同一应用程序API
设备驱动程序广泛，轻松集成
通过双端口内存（DPM）或直接内存访问，访问数据
通过旋码开关分配唯一的槽号","支持ethercat实时以太网协议
用于各种协议和接口类型的同一应用程序API
设备驱动程序广泛，轻松集成
通过双端口内存（DPM）或直接内存访问，访问数据
通过旋码开关分配唯一的槽号"
通信协议,DeviceNet接口,Links-IPCe-DeviceNet,灵思创奇,￥150,1,￥150,,"支持DeviceNet实时以太网协议
用于各种协议和接口类型的同一应用程序API
设备驱动程序广泛，轻松集成
通过双端口内存（DPM）或直接内存访问，访问数据
通过旋码开关分配唯一的槽号","支持DeviceNet实时以太网协议
用于各种协议和接口类型的同一应用程序API
设备驱动程序广泛，轻松集成
通过双端口内存（DPM）或直接内存访问，访问数据
通过旋码开关分配唯一的槽号"
通信协议,Sent通讯板卡,Links-IPCe-SENT（合作生产，灵思负责逻辑）,灵思创奇,￥210,1,￥210,,"通道数：40通道
电平标准：TTL / 5V COMS
输出驱动能力：±10mA
输出高电平范围：5V±0.5V
输出低电平范围：-0.2V～0.8V
输入高电平范围：3.5V～5.5V
输出低电平范围：-0.2V～1.2V
输出模式下，输出阻抗约为50欧姆
输入输出方向每通道独立设置","通道数：40通道
电平标准：TTL / 5V COMS
输出驱动能力：±10mA
输出高电平范围：5V±0.5V
输出低电平范围：-0.2V～0.8V
输入高电平范围：3.5V～5.5V
输出低电平范围：-0.2V～1.2V
输出模式下，输出阻抗约为50欧姆
输入输出方向每通道独立设置"
通信协议,1553B接口板卡,Links-IPC-1553-2MA-ZK,灵思创奇,￥680,1,￥680,,PCI总线，双通道（双冗余）多功能MIL-STD-1553， BC&31RT&BM三种工作模式可同时工作,3U CPCI总线，双通道（双冗余）多功能MIL-STD-1553， BC&31RT&BM三种工作模式可同时工作
通信协议,Profibus-DP接口,Links-IPCe-Profibus-DP,灵思创奇,￥150,1,￥150,,"支持profibus实时以太网协议
用于各种协议和接口类型的同一应用程序API
设备驱动程序广泛，轻松集成
通过双端口内存（DPM）或直接内存访问，访问数据
通过旋码开关分配唯一的槽号","支持profibus实时以太网协议
用于各种协议和接口类型的同一应用程序API
设备驱动程序广泛，轻松集成
通过双端口内存（DPM）或直接内存访问，访问数据
通过旋码开关分配唯一的槽号"
数字量,开关量输入,Links-IPC-DI128,灵思创奇,￥150,1,￥150,,"128 个隔离数字输入通道，每个通道都有中断处理能力；
宽输入范围 （5~ 25 VDC）
高静电保护 （2，0 VDC）
手动跳线切换模式","128 个隔离数字输入通道，每个通道都有中断处理能力；
宽输入范围 （5~ 25 VDC）
高静电保护 （2，0 VDC）
手动跳线切换模式"
数字量,开关量输出,Links-IPC-DO128,灵思创奇,￥150,1,￥150,,"128 个隔离数字输出通道；
输出通道上的高压隔离 （2，0 VDC）
宽输出范围 （5 ~ 40 VDC）
隔离输出通道的高灌电流（每个通道最大 90 mA）
热系统复位后保留的数字输出值
手动跳线切换模式","128 个隔离数字输出通道；
输出通道上的高压隔离 （2，0 VDC）
宽输出范围 （5 ~ 40 VDC）
隔离输出通道的高灌电流（每个通道最大 90 mA）
热系统复位后保留的数字输出值
手动跳线切换模式"
数字量,开关量卡,Links-IPC-DIO64,灵思创奇,￥150,1,￥150,,"64个隔离数字DIO通道，每个通道都有中断处理能力；
宽输入范围 （5~ 25 VDC）
高静电保护 （2，0 VDC）
手动跳线切换模式","64个隔离数字DIO通道，每个通道都有中断处理能力；
宽输入范围 （5~ 25 VDC）
高静电保护 （2，0 VDC）
手动跳线切换模式"
共享/反射内存,PCI接口反射内存卡,Links-PCI-RFM-01,灵思创奇,￥220,1,￥220,,"PCI接口，256M内存, 16K FIFOs, 多模接口，实时系统驱动","PCI接口，256M内存, 16K FIFOs, 多模接口，实时系统驱动"
共享/反射内存,PCI-E接口反射内存卡,Links-PCIE-RFM-04,灵思创奇,￥230,1,￥230,,"PCI-E接口，256M内存, 16K FIFOs, 多模接口，实时系统驱动","PCI-E接口，256M内存, 16K FIFOs, 多模接口，实时系统驱动"
共享/反射内存,PCI接口反射内存卡,Links-PCI-RFM-02,灵思创奇,￥220,1,￥220,,PCI接口，256MB SDRAM ，多模反射内存板卡。,PCI接口，256MB SDRAM ，多模反射内存板卡。
共享/反射内存,PCI-E接口反射内存卡,Links-PCIE-RFM-05,灵思创奇,￥230,1,￥230,,PCI-E接口，256MB SDRAM ，多模反射内存板卡。,PCI-E接口，256MB SDRAM ，多模反射内存板卡。
多功能采集,4轴运动控制卡,Links-IPC-GTS-01,灵思创奇,￥120,1,￥120,,"1）4路单端模拟量输出，16位分辨率，±10 V，刷新周期125us；
2）4路差分脉冲输出；
3）4路单端模拟量输入，12位分辨率，±10 V，采样周期125us；
4）4路编码器正交脉冲输入；
5）4路驱动使能及复位通道。","1）4路单端模拟量输出，16位分辨率，±10 V，刷新周期125us；
2）4路差分脉冲输出；
3）4路单端模拟量输入，12位分辨率，±10 V，采样周期125us；
4）4路编码器正交脉冲输入；
5）4路驱动使能及复位通道。"
多功能采集,8轴运动控制卡,Links-IPC-GTS-02,灵思创奇,￥190,1,￥190,,"1）8路单端模拟量输出，16位分辨率，±10 V，刷新周期125us；
2）8路差分脉冲输出；
3）8路单端模拟量输入，12位分辨率，±10 V，采样周期125us；
4）8路编码器正交脉冲输入；
5）8路驱动使能及复位通道。","1）8路单端模拟量输出，16位分辨率，±10 V，刷新周期125us；
2）8路差分脉冲输出；
3）8路单端模拟量输入，12位分辨率，±10 V，采样周期125us；
4）8路编码器正交脉冲输入；
5）8路驱动使能及复位通道。"
通信协议,以太网卡接口卡,Links-IPC-GigE,灵思创奇,￥50,1,￥50,,"4个RJ-45 10/100/10BASE-T接口,Intel® 82576EB千兆以太网控制器，PCI-E X1接口","4个RJ-45 10/100/10BASE-T接口,Intel® 82576EB千兆以太网控制器，PCI-E X1接口"
通信协议,SPI&SSI总线板卡,Links-IPCe-SPI-SSI,灵思创奇,￥380,1,￥380,,"PCIe x2总线板卡
2通道SPI主通讯
2通道SPI从通讯
2通道SSI主通讯
2通道SPI从通讯
所有接口均为差分模式和单端模式
差分模式：采用5V RS422电平规格
单端模式：采用5V CMOS电平规格
用户接口与PCIe总线隔离","PCIe x2总线板卡
2通道SPI主通讯
2通道SPI从通讯
2通道SSI主通讯
2通道SPI从通讯
所有接口均为差分模式和单端模式
差分模式：采用5V RS422电平规格
单端模式：采用5V CMOS电平规格
用户接口与PCIe总线隔离"
图形化编程FPGA,可编程FPGA仿真卡,Links-IPCe-FPGA-02,灵思创奇,750,1,￥750.00,,"PCIE接口，板载4路光纤接口，可扩展外围高速IO模块；核心FPGA逻辑部分的主要参数如下：
- 逻辑单元 Logic Cells：1143K；
- Flip-Flop：1045K；
- Block RAM：36Mb；
- GTY 28Gb/s X 24，GTH 16Gb/s X 32收发器及 100G Ethernet。","PCIE接口，板载4路光纤接口，可扩展外围高速IO模块；核心FPGA逻辑部分的主要参数如下：
- 逻辑单元 Logic Cells：1143K；
- Flip-Flop：1045K；
- Block RAM：36Mb；
- GTY 28Gb/s X 24，GTH 16Gb/s X 32收发器及 100G Ethernet。"
图形化编程FPGA,可编程FPGA仿真卡,Links-IPCe-FPGA-03,灵思创奇,0,1,￥0.00,,"PCIEx8接口，板载4路SFP光纤接口，可扩展外围高速IO模块；核心FPGA逻辑部分的主要参数如下：
*逻辑单元 Logic Cells：444K；
*查找表 LUTs: 277400；
*触发器(flip-flops):554,800；
*乘法器 18x25MACCs：2020；
*Block RAM：26.5Mb；
*16 路高速 GTX 收发器，支持 PCIE Gen2x8；
   PS 系统部分的主要参数如下：
*基于 ARM 双核 CortexA9 的应用处理器，ARM-v7 架构 高达 800MHz；
*每个 CPU 32KB 1 级指令和数据缓存，512KB 2 级缓存 2 个 CPU 共享；
*片上 boot ROM 和 256KB 片内 RAM；
*外部存储接口，支持 16/32 bit DDR2、DDR3 接口。","PCIEx8接口，板载4路SFP光纤接口，可扩展外围高速IO模块；核心FPGA逻辑部分的主要参数如下：
*逻辑单元 Logic Cells：444K；
*查找表 LUTs: 277400；
*触发器(flip-flops):554,800；
*乘法器 18x25MACCs：2020；
*Block RAM：26.5Mb；
*16 路高速 GTX 收发器，支持 PCIE Gen2x8；
   PS 系统部分的主要参数如下：
*基于 ARM 双核 CortexA9 的应用处理器，ARM-v7 架构 高达 800MHz；
*每个 CPU 32KB 1 级指令和数据缓存，512KB 2 级缓存 2 个 CPU 共享；
*片上 boot ROM 和 256KB 片内 RAM；
*外部存储接口，支持 16/32 bit DDR2、DDR3 接口。"
FPGA配套IO卡,FPGA配套高速DA/AD板卡,Links-FPGA-Analog-01,灵思创奇,260,1,￥260.00,,"1) 24通道DA输出，16位，1Msps，输出电压范围-10V～+10V
2) 16通道AD采集，16位，1Msps，输入范围-10V～+10V
3) 光口通讯实现DA、AD控制
（适配AX7202开发板）","1) 24通道DA输出，16位，1Msps，输出电压范围-10V～+10V
2) 16通道AD采集，16位，1Msps，输入范围-10V～+10V
3) 光口通讯实现DA、AD控制
（适配AX7202开发板）"
FPGA配套IO卡,FPGA配套高速DIO板卡,Links-FPGA-DIO-01,灵思创奇,30,1,￥30.00,,"1) PCIe x1标准安卡结构（不取电，不连接信号）
2) 32通道高速直出数字IO输出，支持5V和3.3V跳线选择；
3) 8通道一组，整组方向可设
4) 1路以太网口转接输出
（适配Links-IPCe-FPGA-03）","1) PCIe x1标准安卡结构（不取电，不连接信号）
2) 32通道高速直出数字IO输出，支持5V和3.3V跳线选择；
3) 8通道一组，整组方向可设
4) 1路以太网口转接输出
（适配Links-IPCe-FPGA-03）"
FPGA配套IO卡,FPGA配套高速DIO板卡,Links-FPGA-DIO-02,灵思创奇,40,1,￥40.00,,"1)FMC接口；
2)16 通道 5V·CMOS 输出接口；
3)16 通道 5V·CMOS 输入接口；
4)4通道5V·RS422输出接口；
5)4通道5V·RS422输入接口；
6)对外接口SCSI68孔型连接器。
（适配Links-IPCe-FPGA-02）","1)FMC接口；
2)16 通道 5V·CMOS 输出接口；
3)16 通道 5V·CMOS 输入接口；
4)4通道5V·RS422输出接口；
5)4通道5V·RS422输入接口；
6)对外接口SCSI68孔型连接器。
（适配Links-IPCe-FPGA-02）"
多功能采集,电机控制卡（DA通道已经调整为4路）,Links-C3U-DAQ-01,灵思创奇,￥250,1,￥250,,"12路PWM输出通道，每路可独立控制，10Hz~1MHz，可以两路一组构成互补输出关系（死区可设置）；
2路增量式正交编码器采集通道，32位计数器，可直接输出角度和角速度；
6路差分信号输入通道，可配置为霍尔编码器采集；
8路并行A/D，16位分辨率，±10V，采样率100kHz；
4路DA，16位分辨率，±10V；
8路DI，8路DO，TTL电平；
2路5V供电输出，单路最大电流输出200mA；
2路数字I/O线（5V CMOS/TTL），可配置为脉冲采集通道，可采集脉冲频率和占空比，32位计数器。","12路PWM输出通道，每路可独立控制，10Hz~1MHz，可以两路一组构成互补输出关系（死区可设置）；
2路增量式正交编码器采集通道，32位计数器，可直接输出角度和角速度；
6路差分信号输入通道，可配置为霍尔编码器采集；
8路并行A/D，16位分辨率，±10V，采样率100kHz；
4路DA，16位分辨率，±10V；
8路DI，8路DO，TTL电平；
2路5V供电输出，单路最大电流输出200mA；
2路数字I/O线（5V CMOS/TTL），可配置为脉冲采集通道，可采集脉冲频率和占空比，32位计数器。"
多功能采集,多功能卡,Links-C3U-DAQ-02,灵思创奇,￥250,1,￥250,,"16路A/D并行采集，16位分辨率，±10 V（可客制-30V～+30V），采样率100kHz；
16路D/A并行输出，16位分辨率，±10 V，数据更新率100KHz；
32路数字I/O线（5V CMOS/TTL），可软件配置为DI、DO、计数器输入/输出，PWM输入/输出，16个32位计数器。","16路A/D并行采集，16位分辨率，±10 V（可客制-30V～+30V），采样率100kHz；
16路D/A并行输出，16位分辨率，±10 V，数据更新率100KHz；
32路数字I/O线（5V CMOS/TTL），可软件配置为DI、DO、计数器输入/输出，PWM输入/输出，16个32位计数器。"
多功能采集,多功能I/O卡,Links-C3U-DAQ-03,灵思创奇,￥240,1,￥240,,"1)cPCI/PCI/PCIe/PXIe总线板卡
2)16通道模拟电压输出@1Msps
3)2通道模拟电压和电流输出@10Ksps
4)模拟量电压输出范围：-10V～+10V，模拟量电流输出范围：-20mA～+20mA
5)32通道DI/DO功能
6）DI/DO每8通道1组，整组方向可设","1)cPCI/PCI/PCIe/PXIe总线板卡
2)16通道模拟电压输出@1Msps
3)2通道模拟电压和电流输出@10Ksps
4)模拟量电压输出范围：-10V～+10V，模拟量电流输出范围：-20mA～+20mA
5)32通道DI/DO功能
6）DI/DO每8通道1组，整组方向可设"
模拟量,同步模拟量采集卡,Links-C3U-AI-02,灵思创奇,￥150,1,￥150,,"16通道并行模拟量采集，16位分辨率
每8通道一组，整组支持配置为电压采集或电流采集（物理拨码控制）
电压采集：精度0.1%（F.S.），范围-10V～+10V（可客制-30V～+30V）
采样率：200kHz
电流采集：精度0.1%（F.S.），范围-20mA～+20mA（可客制-100mA～+100mA）","16通道并行模拟量采集，16位分辨率
每8通道一组，整组支持配置为电压采集或电流采集（物理拨码控制）
电压采集：精度0.1%（F.S.），范围-10V～+10V（可客制-30V～+30V），，电压10v默认配置10M欧姆输入阻抗，电压30v或者更高，输入阻抗40k
采样率：200kHz
电流采集：精度0.1%（F.S.），范围-20mA～+20mA（可客制-100mA～+100mA），阻抗默认470Ω"
模拟量,同步模拟量采集卡,Links-C3U-AI-03,灵思创奇,￥180,1,￥180,,"32通道并行模拟量采集，16位分辨率
每8通道一组，整组支持配置为电压采集或电流采集（物理拨码控制）
电压采集：精度0.2%（F.S.），范围-10V～+10V（可客制-30V～+30V）
采样率：200kHz
电流采集：精度0.2%（F.S.），范围-20mA～+20mA（可客制-100mA～+100mA）","32通道并行模拟量采集，16位分辨率
每8通道一组，整组支持配置为电压采集或电流采集（物理拨码控制）
电压采集：精度0.2%（F.S.），范围-10V～+10V（可客制-30V～+30V），电压10v默认配置10M欧姆输入阻抗，电压30v或者更高，输入阻抗40k
采样率：200kHz
电流采集：精度0.2%（F.S.），范围-20mA～+20mA（可客制-100mA～+100mA），阻抗默认470Ω"
模拟量,同步模拟量采集卡（隔离）,Links-C3U-AI-04,灵思创奇,￥250,1,￥250,,"32通道静态并行模拟量采集，16位分辨率
每8通道一组，整组支持配置为电压采集或电流采集（物理拨码控制）
电压采集：精度0.2%（F.S.），范围-10V～+10V（可客制-30V～+30V）
电流采集：精度0.2%（F.S.），范围-20mA～+20mA（可客制-100mA～+100mA）","32通道静态并行模拟量采集，16位分辨率
每8通道一组，整组支持配置为电压采集或电流采集（物理拨码控制）
电压采集：精度0.2%（F.S.），范围-10V～+10V（可客制-30V～+30V），，电压10v默认配置10M欧姆输入阻抗，电压30v或者更高，输入阻抗40k
电流采集：精度0.2%（F.S.），范围-20mA～+20mA（可客制-100mA～+100mA）阻抗默认470Ω"
模拟量,高精度模拟量采集卡,Links-C3U-AI-05,灵思创奇,￥400,1,￥400,,"通道数：8
耦合方式：直流
输入模式：差分
最高采样率：10kSa/s
分辨率：24bits
输入量程：±0.05V、±0.1V、±1V、±10V
直流精度：1V及以上：±0.01%+0.5mV
                    1V以下：  ±0.01%+2uV","通道数：8
耦合方式：直流
输入模式：差分
最高采样率：10kSa/s
分辨率：24bits
输入量程：±0.05V、±0.1V、±1V、±10V
直流精度：1V及以上：±0.01%+0.5mV
                    1V以下：  ±0.01%+2uV"
模拟量,模拟量输出卡,Links-C3U-AO-01,灵思创奇,￥120,1,￥120,,"8通道电压或电流输出（物理拨码控制）
16位D/A分辨率
电压输出范围：+10V～-10V
电流输出范围：0～20mA
电流输出精度0.1%（F.S.）
电压输出精度0.2%（F.S.）
电压输出压摆率0.5V/uS
电流输出压摆率1.4mA/uS","8通道电压或电流输出（物理拨码控制）
16位D/A分辨率
电压输出范围：+10V～-10V
电流输出范围：0～20mA
电流输出精度0.1%（F.S.）
电压输出精度0.2%（F.S.）
电压输出压摆率0.5V/uS
电流输出压摆率1.4mA/uS"
模拟量,模拟量输出卡,Links-C3U-AO-03,灵思创奇,￥180,1,￥180,,"16通道电压或电流输出（物理拨码控制）
16位D/A分辨率
电压输出范围：-10V～+10V
电流输出范围：0～+20mA
电流输出精度0.05%（F.S.）
电压输出精度0.1%（F.S.）","16通道电压或电流输出（物理拨码控制）
16位D/A分辨率
电压输出范围：-10V～+10V
电流输出范围：0～+20mA
电流输出精度0.05%（F.S.）
电压输出精度0.1%（F.S.）"
模拟量,模拟量输出卡(隔离),Links-C3U-AO-04,灵思创奇,￥250,1,￥250,,"16通道电流输出
输出端与cPCI背板电源系统隔离
16位D/A分辨率
单极电流输出范围：0～20mA
电流输出精度0.05%（F.S.）","16通道电流输出
输出端与cPCI背板电源系统隔离
16位D/A分辨率
单极电流输出范围：0～20mA
电流输出精度0.05%（F.S.）"
模拟量,模拟量输出卡,Links-C3U-AO-05,灵思创奇,￥250,1,￥250,,"16通道电压或电流输出（软件可配）
16通道数字量输入/输出（软件可配）
每8通道数字量一组，方向整组设置
5V CMOS电平，兼容5V TTL电平
16位D/A分辨率
电压输出范围：-10V～+10V
电流输出范围：0～+20mA
电流输出精度0.05%（F.S.）
电压输出精度0.1%（F.S.）","16通道电压或电流输出（软件可配）
16通道数字量输入/输出（软件可配）
每8通道数字量一组，方向整组设置
5V CMOS电平，兼容5V TTL电平
16位D/A分辨率
电压输出范围：-10V～+10V
电流输出范围：0～+20mA
电流输出精度0.05%（F.S.）
电压输出精度0.1%（F.S.）"
数字量,离散量输入卡,Links-C3U-DI01,灵思创奇,￥110,1,￥110,,"32通道数字量采集
每通道V/OPEN、V/GND和GND/OPEN模式输入可选
输入支持5V或定制电平信号（需外置电源，0～28V）
V/GND模式下输入对地阻抗不小于100KΩ
GND/OPEN模式下输入对电源阻抗不小于120KΩ
输入端口具有过压保护，40V@1min","32通道数字量采集
每通道V/OPEN、V/GND和GND/OPEN模式输入可选
输入支持5V或定制电平信号（需外置电源，0～28V）
V/GND模式下输入对地阻抗不小于100KΩ
GND/OPEN模式下输入对电源阻抗不小于120KΩ
输入端口具有过压保护，40V@1min"
数字量,离散量输出卡,Links-C3U-DO01,灵思创奇,￥110,1,￥110,,"32通道数字量输出
每通道V/OPEN、V/GND和GND/OPEN模式可选
输出支持5V或定制电平信号（需外置电源，0～28V）
V/OPEN模式下，OPEN状态下对电源阻抗≥200KΩ
V/GND模式，输出阻抗为50±10Ω
GND/OPEN模式下，OPEN状态下对地阻抗≥200KΩ，GND状态下对地阻抗≤120Ω","32通道数字量输出
每通道V/OPEN、V/GND和GND/OPEN模式可选
输出支持5V或定制电平信号（需外置电源，0～28V）
V/OPEN模式下，OPEN状态下对电源阻抗≥200KΩ
V/GND模式，输出阻抗为50±10Ω
GND/OPEN模式下，OPEN状态下对地阻抗≥200KΩ，GND状态下对地阻抗≤120Ω"
数字量,"开关量输出卡
（继电器型）",Links-C3U-DO03,灵思创奇,￥150,1,￥150,,"32通道继电器输出
继电器类型：FORM 1C
每通道提供常开、常闭和公共点
继电器抖动时间：≤8ms
通道最大载流：200mA
通道最大电压：48V DC
1通道5V隔离电源输出，最大输出电流1.5A","32通道继电器输出
继电器类型：FORM 1C
每通道提供常开、常闭和公共点
继电器抖动时间：≤8ms
通道最大载流：200mA
通道最大电压：48V DC
1通道5V隔离电源输出，最大输出电流1.5A"
数字量,开关量接口卡,Links-C3U-DIO02,灵思创奇,￥190,1,￥190,,"32通道数字量输入
32通道数字量输出
5V CMOS电平，兼容5V TTL
输入通道中，8通道支持PWM采集
输入通道中，支持8通道增量编码器采集
输出通道中，8通道支持PWM输出","32通道数字量输入
32通道数字量输出
5V CMOS电平，兼容5V TTL
输入通道中，8通道支持PWM采集
输入通道中，支持8通道增量编码器采集
输出通道中，8通道支持PWM输出"
数字量,离散量输入板卡,Links-C3U-DI04,灵思创奇,￥210,1,￥210,,"PCI/cPCI/PXIe标准板卡；
可实现电源/电源断、电源/电源地、电源地/电源地断三种状态的检测；
检测电平范围：高电平+18V~+36V，低电平-1V~+1V；
96 通道离散量输入；
通道数：96；
逻辑门限：高电平+18V~+36V，低电平-1V~+1V；
最大输入电平范围：±60V；
通道特性：每通道可单独设置为电源/电源断、电源地/电源地断或电源/电源地输入；
可编程数字滤波器：滤波频率为 0Hz~10MHz。","PCI/cPCI/PXIe标准板卡；
可实现电源/电源断、电源/电源地、电源地/电源地断三种状态的检测；
检测电平范围：高电平+18V~+36V，低电平-1V~+1V；
96 通道离散量输入；
通道数：96；
逻辑门限：高电平+18V~+36V，低电平-1V~+1V；
最大输入电平范围：±60V；
通道特性：每通道可单独设置为电源/电源断、电源地/电源地断或电源/电源地输入；
可编程数字滤波器：滤波频率为 0Hz~10MHz。"
数字量,离散量输出板卡,Links-C3U-DO04,灵思创奇,￥220,1,￥220,,"PCI/cPCI/PXIe标准板卡；
可实现电源/电源断、电源地/电源地断两种状态的输出；
96 路离散量输出；
通道数：96；
最大负载电压范围：±60V；
导通电阻：10Ω（MAX）；
每通道输出持续电流：100mA（MAX）；
通道特性：每通道可单独设置为电源/电源断或电源地/电源地断输出。","PCI/cPCI/PXIe标准板卡；
可实现电源/电源断、电源地/电源地断两种状态的输出；
96 路离散量输出；
通道数：96；
最大负载电压范围：±60V；
导通电阻：10Ω（MAX）；
每通道输出持续电流：100mA（MAX）；
通道特性：每通道可单独设置为电源/电源断或电源地/电源地断输出。"
数字量,离散量输入/输出板卡,Links-C3U-DIO04,灵思创奇,￥220,1,￥220,,"PCI/PCIe/cPCI/PXIe标准板卡；
可实现电源/电源断、电源/电源地、电源地/电源地断三种状态的检测；
检测电平范围：高电平+18V~+36V，低电平-1V~+1V；
48 路离散量输入；
通道数：48；
逻辑门限：高电平+18V~+36V，低电平-1V~+1V；
最大输入电平范围：±60V；
通道特性：每通道可单独设置为电源/电源断、电源地/电源地断或电源/电源地输入；
可编程数字滤波器：滤波频率为 0Hz~10MHz；
48 路离散量输出；
通道数：48；
最大负载电压范围：±60V；
导通电阻：10Ω（MAX）；
每通道输出持续电流：100mA（MAX）；
通道特性：每通道可单独设置为电源/电源断或电源地/电源地断输出。","PCI/PCIe/cPCI/PXIe标准板卡；
可实现电源/电源断、电源/电源地、电源地/电源地断三种状态的检测；
检测电平范围：高电平+18V~+36V，低电平-1V~+1V；
48 路离散量输入；
通道数：48；
逻辑门限：高电平+18V~+36V，低电平-1V~+1V；
最大输入电平范围：±60V；
通道特性：每通道可单独设置为电源/电源断、电源地/电源地断或电源/电源地输入；
可编程数字滤波器：滤波频率为 0Hz~10MHz；
48 路离散量输出；
通道数：48；
最大负载电压范围：±60V；
导通电阻：10Ω（MAX）；
每通道输出持续电流：100mA（MAX）；
通道特性：每通道可单独设置为电源/电源断或电源地/电源地断输出。"
PWM和编码器,Endat采集卡,Links-C3U-Endat-01,灵思创奇,￥180,1,￥180,,"2通道Endat22总线和16通道数字量
Endat22分辨率支持8～32位
Endat22标志位支持1位或2位
Endat22波特率范围：8Mhz、4Mhz、2Mhz和1Mhz
Endat22恢复（Tm）时间设置：0～255uS
16通道数字量电平标准：5V CMOS，兼容5V TTL电平（板卡无上拉/下拉电阻）
16通道数字量方向控制：每8通道一组进行方向设置
板卡接口：SCSI-68 Female（TE-5787082-7）","2通道Endat22总线和16通道数字量
Endat22分辨率支持8～32位
Endat22标志位支持1位或2位
Endat22波特率范围：8Mhz、4Mhz、2Mhz和1Mhz
Endat22恢复（Tm）时间设置：0～255uS
16通道数字量电平标准：5V CMOS，兼容5V TTL电平（板卡无上拉/下拉电阻）
16通道数字量方向控制：每8通道一组进行方向设置
板卡接口：SCSI-68 Female（TE-5787082-7）"
PWM和编码器,Endat采集卡,Links-C3U-Endat-02,灵思创奇,￥280,1,￥280,,"5通道Endat22总线和16通道数字量
Endat22分辨率支持8～32位
Endat22标志位支持1位或2位
Endat22波特率范围：8Mhz、4Mhz、2Mhz和1Mhz
Endat22恢复（Tm）时间设置：0～255uS
16通道数字量电平标准：5V CMOS，兼容5V TTL电平（板卡无上拉/下拉电阻）
16通道数字量方向控制：每8通道一组进行方向设置","5通道Endat22总线和16通道数字量
Endat22分辨率支持8～32位
Endat22标志位支持1位或2位
Endat22波特率范围：8Mhz、4Mhz、2Mhz和1Mhz
Endat22恢复（Tm）时间设置：0～255uS
16通道数字量电平标准：5V CMOS，兼容5V TTL电平（板卡无上拉/下拉电阻）
16通道数字量方向控制：每8通道一组进行方向设置"
PWM和编码器,SSI总线采集板卡,Links-C3U-SSI-03,灵思创奇,￥280,1,￥280,,"1) 3U欧规卡规格，兼容CompactPCI PICMG 2.0 R2.1 规范
2) 5通道SSI总线
3) 数据位宽：8～32位
4) 波特率：2MHz、1MHz、0KHz和250KHz
5) SSI测量间隔：0-255uS","1) 3U欧规卡规格，兼容CompactPCI PICMG 2.0 R2.1 规范
2) 5通道SSI总线
3) 数据位宽：8～32位
4) 波特率：2MHz、1MHz、0KHz和250KHz
5) SSI测量间隔：0-255uS"
PWM和编码器,正交编码信号采集卡（非隔离）,Links-C3U-ABZ-01,灵思创奇,￥150,1,￥150,,"8通道（3路差分，5路单端）正交编码测量，每通道包含A、B和Z信号
信号电器特性支持RS-422和5V CMOS（兼容5V TTL）电平
最大支持8MHz信号输入
32位正反转计数器
正反转指示","8通道（3路差分，5路单端）正交编码测量，每通道包含A、B和Z信号
信号电器特性支持RS-422和5V CMOS（兼容5V TTL）电平
最大支持8MHz信号输入
32位正反转计数器
支持初始值装载、Z脉冲初始值自动重装
Z脉冲边沿可设为上升沿、下降沿或双沿检测
支持Z脉冲同步触发中断
A、B采样方式支持上升沿或下降沿
信号支持两档数字去抖；去抖时钟基准为40Mhz
正反转指示"
PWM和编码器,正交编码信号采集卡（隔离型）,Links-C3U-ABZ-02,灵思创奇,￥190,1,￥190,,"8通道（单端）正交编码测量，每通道包含A、B和Z信号
信号电器特性支持RS-422和5V CMOS（兼容5V TTL）电平，输入输出信号隔离
最大支持8MHz信号输入
32位正反转计数器
正反转指示","8通道（单端）正交编码测量，每通道包含A、B和Z信号
信号电器特性支持RS-422和5V CMOS（兼容5V TTL）电平，输入输出信号隔离
最大支持8MHz信号输入
32位正反转计数器
支持初始值装载、Z脉冲初始值自动重装
Z脉冲边沿可设为上升沿、下降沿或双沿检测
支持Z脉冲同步触发中断
A、B采样方式支持上升沿或下降沿
信号支持两档数字去抖；去抖时钟基准为40Mhz
正反转指示"
PWM和编码器,正交编码信号采集卡（隔离型）,Links-C3U-ABZ-03,灵思创奇,￥190,1,￥190,,"8通道（差分）正交编码测量，每通道包含A、B和Z信号
信号电器特性支持RS-422和5V CMOS（兼容5V TTL）电平，输入输出信号隔离
最大支持10MHz信号输入
32位正反转计数器
正反转指示","8通道（差分）正交编码测量，每通道包含A、B和Z信号
信号电器特性支持RS-422和5V CMOS（兼容5V TTL）电平，输入输出信号隔离
最大支持10MHz信号输入
32位正反转计数器
支持初始值装载、Z脉冲初始值自动重装
Z脉冲边沿可设为上升沿、下降沿或双沿检测
支持Z脉冲同步触发中断
A、B采样方式支持上升沿或下降沿
信号支持两档数字去抖；去抖时钟基准为40Mhz
1通道5V隔离电源输出，最大输出电流800mA
正反转指示"
PWM和编码器,多传感器采集卡,Links-C3U-AM-01,灵思创奇,￥550,1,￥550,,"1）2通道SPI总线通道：
   支持CPOL极性设置
   数据宽度：16Bit
   电平规格：RS422
   时钟频率：3MHz或基于3MHz的整数分频
2）2通道SSI总线通道，特性如下：
   数据宽度：16Bit
   电平规格：RS422
   时钟频率：3MHz或基于3MHz的整数分频
3）2通道旋变采集通道，特性如下：
    16位分辨率
    2通道20V（p-p）双极性励磁电源，驱动能力50mA
    RDC输入信号范围26V（RMS）
    RDC输入频率和励磁输出频率为100Hz～10Hz
    输入信号支持差分和单端","1）2通道SPI总线通道：
   支持CPOL极性设置
   数据宽度：16Bit
   电平规格：RS422
   时钟频率：3MHz或基于3MHz的整数分频
2）2通道SSI总线通道，特性如下：
   数据宽度：16Bit
   电平规格：RS422
   时钟频率：3MHz或基于3MHz的整数分频
3）2通道旋变采集通道，特性如下：
    16位分辨率
    2通道20V（p-p）双极性励磁电源，驱动能力50mA
    RDC输入信号范围26V（RMS）
    RDC输入频率和励磁输出频率为100Hz～10Hz
    输入信号支持差分和单端"
PWM和编码器,多传感器采集卡,Links-C3U-AM-02,灵思创奇,￥200,1,￥200,,"1）2通道SPI总线通道：
   支持CPOL极性设置
   数据宽度：16Bit
   电平规格：RS422
   时钟频率：3MHz或基于3MHz的整数分频
2）2通道SSI总线通道，特性如下：
   数据宽度：16Bit
   电平规格：RS422
   时钟频率：3MHz或基于3MHz的整数分频","1）2通道SPI总线通道：
   支持CPOL极性设置
   数据宽度：16Bit
   电平规格：RS422
   时钟频率：3MHz或基于3MHz的整数分频
2）2通道SSI总线通道，特性如下：
   数据宽度：16Bit
   电平规格：RS422
   时钟频率：3MHz或基于3MHz的整数分频"
数字量,计数器/PWM卡,Links-C3U-Counter02,灵思创奇,￥180,1,￥180,,"16通道计数器采集、PWM采集与PWM输出板卡
信号电气特性：5V CMOS电平（兼容5V TTL）
计数功能最大支持16Mhz信号输入
板载40Mhz时钟作为计时基准
支持信号边沿中断，包含上升沿或下降沿","16通道计数器采集、PWM采集与PWM输出板卡
信号电气特性：5V CMOS电平（兼容5V TTL）
计数功能最大支持16Mhz信号输入
板载40Mhz时钟作为计时基准
支持信号边沿中断，包含上升沿或下降沿
每通道包含：1个32位计数器寄存器、1个32位高边计时寄存器和1个32位低边计时寄存器"
PWM和编码器,"差分脉冲采集卡
（型号应该是cPCI-21D85）",Links-C3U-MC08/16,灵思创奇,￥280,1,￥200,,"3U cPCI总线板卡
8/16通道转速采集接口
每通道包含转速和转向输入信号
输入接口最贷款10MHz
支持转速脉冲定时中断功能
支持转速脉冲整数中断功能
隔离输入
电平规格：5V RS422电平
输出接口：TE-5787082-7","3U cPCI总线板卡
8/16通道转速采集接口
每通道包含转速和转向输入信号
输入接口最贷款10MHz
支持转速脉冲定时中断功能
支持转速脉冲整数中断功能
隔离输入
电平规格：5V RS422电平
输出接口：TE-5787082-7"
LVDT/RVDT/同步旋转变压器,旋变/自整角机采集卡,Links-C3U-RDC/SDC,灵思创奇,￥290,1,￥290,,"16位分辨率
2通道RDC（旋变采集）或2通道SDC（自整角机采集）
2通道20V（p-p）双极性励磁电源，驱动能力50mA
RDC/SDC输入信号范围26V（RMS）
RDC/SDC输入频率和励磁输出频率为100Hz～10Hz
输入信号支持差分和单端
支持粗精机组合","16位分辨率
2通道RDC（旋变采集）或2通道SDC（自整角机采集）
2通道20V（p-p）双极性励磁电源，驱动能力50mA
RDC/SDC输入信号范围26V（RMS）
RDC/SDC输入频率和励磁输出频率为100Hz～10Hz
输入信号支持差分和单端
支持粗精机组合"
LVDT/RVDT/同步旋转变压器,旋变/自整角机采集卡,Links-C3U-RDC/SDC,灵思创奇,￥290,1,￥290,,"16位分辨率
2通道RDC（旋变采集）或2通道SDC（自整角机采集）
2通道20V（p-p）双极性励磁电源，驱动能力50mA
RDC/SDC输入信号范围26V（RMS）
RDC/SDC输入频率和励磁输出频率为100Hz～10Hz
默认RDC/SDC输入频率和励磁输出频率为400Hz
cPCI/PCI-22A01（-400）：400Hz励磁频率
cPCI/PCI-22A01-2K：20Hz励磁应用，无励磁输出
cPCI/PCI-22A01S：客制应用，无励磁输出
输入信号支持差分和单端
支持粗精机组合","16位分辨率
2通道RDC（旋变采集）或2通道SDC（自整角机采集）
2通道20V（p-p）双极性励磁电源，驱动能力50mA
RDC/SDC输入信号范围26V（RMS）
RDC/SDC输入频率和励磁输出频率为100Hz～10Hz
默认RDC/SDC输入频率和励磁输出频率为400Hz
cPCI/PCI-22A01（-400）：400Hz励磁频率
cPCI/PCI-22A01-2K：20Hz励磁应用，无励磁输出
cPCI/PCI-22A01S：客制应用，无励磁输出
输入信号支持差分和单端
支持粗精机组合"
LVDT/RVDT/同步旋转变压器,"旋变/自整角机模拟卡
（已完成开发，cPCI-22A07）",Links-C3U-DSC,灵思创奇,￥450,1,￥450,,"3U欧规卡规格，兼容CompactPCI PICMG 2.0 R2.1 规范
2通道旋变模拟。
提供实时系统、Windows驱动","3U欧规卡规格，兼容CompactPCI PICMG 2.0 R2.1 规范
2通道旋变模拟。
提供实时系统、Windows驱动"
LVDT/RVDT/同步旋转变压器,LVDT/RVDT模拟卡,Links-C3U-LVDT/RVDT-01-2,灵思创奇,￥300,1,￥300,,"1)cPCI/PCI/PCIe/PXIe总线板卡
2)2路支持RDC/RVDT/LVDT
3)精度不低于±8′@RDC MODE
4)参考电压10V/客制电平（通过不同输入接口实现）
5)参考频率50Hz～100Hz可选(自适应)
6)输出信号电压1V～10V可选
7)输出信号输出阻抗：最大5Ω","1)cPCI/PCI/PCIe/PXIe总线板卡
2)2路支持RDC/RVDT/LVDT
3)精度不低于±8′@RDC MODE
4)参考电压10V/客制电平（通过不同输入接口实现）
5)参考频率50Hz～100Hz可选(自适应)
6)输出信号电压1V～10V可选
7)输出信号输出阻抗：最大5Ω"
LVDT/RVDT/同步旋转变压器,LVDT/RVDT模拟卡,Links-C3U-LVDT/RVDT-01-4,灵思创奇,￥380,1,￥380,,"1)cPCI/PCI/PCIe/PXIe总线板卡
2)4路支持RDC/RVDT/LVDT
3)精度不低于±8′@RDC MODE
4)参考电压10V/客制电平（通过不同输入接口实现）
5)参考频率50Hz～100Hz可选(自适应)
6)输出信号电压1V～10V可选
7)输出信号输出阻抗：最大5Ω","1)cPCI/PCI/PCIe/PXIe总线板卡
2)4路支持RDC/RVDT/LVDT
3)精度不低于±8′@RDC MODE
4)参考电压10V/客制电平（通过不同输入接口实现）
5)参考频率50Hz～100Hz可选(自适应)
6)输出信号电压1V～10V可选
7)输出信号输出阻抗：最大5Ω"
LVDT/RVDT/同步旋转变压器,"LVDT/RVDT模拟卡
（尚未进入产品序列）",Links-C3U-DL03,灵思创奇,￥850,1,￥850,,"8通道模拟
励磁输入频率400～15KHz
励磁信号电压±10Vp-p
输出信号范围±10Vp-p
16位分辨率转换","8通道模拟
励磁输入频率400～15KHz
励磁信号电压±10Vp-p
输出信号范围±10Vp-p
16位分辨率转换"
通信协议,CAN接口卡,Links-C3U-CAN,灵思创奇,￥80,1,￥80,,CAN总线接口，2个高速通道，16Mhz控制速率， 1Mbps传输率，20V隔离,CAN总线接口，2个高速通道，16Mhz控制速率， 1Mbps传输率，20V隔离
通信协议,CAN接口卡,Links-C3U-CAN-4,灵思创奇,￥150,1,￥150,,CAN总线接口，4个高速通道，16Mhz控制速率， 1Mbps传输率，10V隔离，支持CAN2.0A/B协议,CAN总线接口，4个高速通道，16Mhz控制速率， 1Mbps传输率，10V隔离，支持CAN2.0A/B协议
通信协议,CAN接口卡,Links-C3U-CAN-10,灵思创奇,￥250,1,￥250,,CAN总线接口，10个高速通道，波特率10Kbps~1Mbps，支持CAN通讯的各种帧格式:标准数据帧、标准遥传帧、扩展数据帧、扩展远程帧,CAN总线接口，10个高速通道，波特率10Kbps~1Mbps，支持CAN通讯的各种帧格式:标准数据帧、标准遥传帧、扩展数据帧、扩展远程帧
通信协议,串口卡,Links-C3U-SIO01-4,灵思创奇,￥80,1,￥80,,3U CPCI，4路串行通讯接口，支持RS-232/422/485，最高支持921.6Kbps波特率，含连接电缆,3U CPCI，4路串行通讯接口，支持RS-232/422/485，最高支持921.6Kbps波特率，含连接电缆
通信协议,串口卡（隔离）,Links-C3U-SIO02-4,灵思创奇,￥150,1,￥150,,3U CPCI，4路隔离串行通讯接口，支持RS-232/422/485，RS232最高支持230.4Kbps波特率，RS422/485波特率800~8Mbps,3U CPCI，4路隔离串行通讯接口，支持RS-232/422/485，RS232最高支持230.4Kbps波特率，RS422/485波特率800~8Mbps，接收FIFO共32M RAM，发送FIFO每通道2K字节
通信协议,串口卡（隔离）,Links-C3U-SIO02-8A,灵思创奇,￥180,1,￥180,,3U CPCI，8路隔离串行通讯接口，支持RS-232/422/485，RS232最高支持230.4Kbps波特率，RS422/485波特率800~8Mbps,3U CPCI，8路隔离串行通讯接口，支持RS-232/422/485，RS232最高支持230.4Kbps波特率，RS422/485波特率800~8Mbps，接收FIFO共32M RAM，发送FIFO每通道2K字节
通信协议,串口卡（隔离）,Links-C3U-SIO02-16,灵思创奇,￥450,1,￥450,,3U CPCI，16路隔离串行通讯接口，支持RS-232/422/485，RS232最高支持230.4Kbps波特率，RS422/485波特率800~8Mbps,3U CPCI，16路隔离串行通讯接口，支持RS-232/422/485，RS232最高支持230.4Kbps波特率，RS422/485波特率800~8Mbps，接收FIFO共32M RAM，发送FIFO每通道2K字节
通信协议,串口卡（隔离）,Links-C3U-SIO03-4,灵思创奇,"￥11,400",1,"￥11,400",,CPCI总线，4通道RS232/422/485通讯接口，RS232波特率2400-115.2Kbps，RS422/485波特率2400-2Mbps，,CPCI总线，4通道RS232/422/485通讯接口，RS232波特率2400-115.2Kbps，RS422/485波特率2400-2Mbps，透明接收和协议接收(13种协议)，32M FIFO，通道间完全电气隔离，支持虚拟串口
通信协议,串口卡（非隔离）,Links-C3U-SIO03-8A,灵思创奇,"￥11,800",1,"￥11,800",,CPCI总线，8通道RS232/422/485通讯接口，RS232波特率2400-115.2Kbps，RS422/485波特率2400-2Mbps，,CPCI总线，8通道RS232/422/485通讯接口，RS232波特率2400-115.2Kbps，RS422/485波特率2400-2Mbps，透明接收和协议接收(13种协议)，32M FIFO，支持虚拟串口
通信协议,串口卡（隔离）,Links-C3U-SIO03-8B,灵思创奇,￥150,1,￥150,,CPCI总线，8通道异步RS232/422/485通讯接口，RS232波特率2400bps-0Kbps，RS422/485波特率2400bps-4Mbps；,CPCI总线，8通道异步RS232/422/485通讯接口，RS232波特率2400bps-0Kbps，RS422/485波特率2400bps-4Mbps；透明接收和协议接收(13种协议)，通道间完全电气隔离，支持虚拟串口。
通信协议,串口卡（隔离）,Links-C3U-SIO03-8C,灵思创奇,￥150,1,￥150,," CPCI总线，
1) 8个异步串行（UART）通信通道；
2)  每个通道可设置为232/422/485模式；
3） 波特率可设置，RS422/485模式下最高支持4Mbps，RS232模式下最高支持115200bps。"," CPCI总线，
1) 8个异步串行（UART）通信通道；
2)  每个通道可设置为232/422/485模式；
3)  RS422/485芯片采用MAX3485，芯片具备±20KV ESD保护，RS232芯片采用MAX3232，芯片具备±15KV ESD保护；
4） 波特率可设置，RS422/485模式下最高支持4Mbps，RS232模式下最高支持115200bps。数据位长度可设置（支持5~8位数据位）。支持无校验、奇校验、偶校验设置，支持1位/2位停止位；
5） 支持中断和查询两种方式读取数据；
6） 接口信号地与机箱内部地电磁隔离；
7)  发送缓存区1024Byte/通道，接收缓存2048Byte/通道；
8） 支持清空特定通道的接收缓存；
9) 接收数据字包含24位时间标签，时间标签单位1ms；
10）接收通道支持数据量中断和超时中断。"
通信协议,串口卡（隔离）,Links-C3U-SIO03-16,灵思创奇,￥350,1,￥350,,CPCI总线，16通道RS232/422/485通讯接口，RS232波特率2400-115.2Kbps，RS422/485波特率2400-2Mbps，32M FIFO，整板隔离，支持虚拟串口,CPCI总线，16通道RS232/422/485通讯接口，RS232波特率2400-115.2Kbps，RS422/485波特率2400-2Mbps，32M FIFO，整板隔离，支持虚拟串口
通信协议,高速RS422卡,Links-RS422-10M,灵思创奇,￥240.00 ,1,￥240,,"12通道串口板卡
 PXIe总线板卡
 提供12通道差分和单端输出@AM26C31
 提供12通道差分和单端输入@AM26C32
 差分通道支持10M bps通过能力
 差分与单端信号可独立控制
 对外接口（输入、输出）与PXIe背板非隔离
 输入接口具有100欧姆端接
 输出接口：SCSI100 Female
 提供离散IO测试工程（不含应用工程）","12通道串口板卡
 PXIe总线板卡
 提供12通道差分和单端输出@AM26C31
 提供12通道差分和单端输入@AM26C32
 差分通道支持10M bps通过能力
 差分与单端信号可独立控制
 对外接口（输入、输出）与PXIe背板非隔离
 输入接口具有100欧姆端接
 输出接口：SCSI100 Female
 提供离散IO测试工程（不含应用工程）"
通信协议,SENT接口卡,Links-C3U-SENT,灵思创奇,￥180,1,￥180,,支持车载SENT总线协议，2通道；,支持车载SENT总线协议，2通道；
通信协议,PSI5接口卡,Links-C3U-PSI5,灵思创奇,￥250,1,￥250,,支持车载PSI5总线协议，2通道；,支持车载PSI5总线协议，2通道；
通信协议,SPI总线板卡,Links-C3U-SPI,灵思创奇,￥280,1,￥280,,"1) 3U欧规卡规格，兼容CompactPCI PICMG 2.0 R2.1 规范
2) 4通道SPI总线通道，特性如下：
3) 支持CPOL极性和CPHA色值，可组合成四种工作模式
4) 数据宽度：16Bit
5) 电平规格：RS422
6) 时钟频率：最高50MHz","1) 3U欧规卡规格，兼容CompactPCI PICMG 2.0 R2.1 规范
2) 4通道SPI总线通道，特性如下：
3) 支持CPOL极性和CPHA色值，可组合成四种工作模式
4) 数据宽度：16Bit
5) 电平规格：RS422
6) 时钟频率：最高50MHz"
通信协议,I2C通讯板卡,Links-C3U-I2C,灵思创奇,￥280,1,￥280,,"1) 3U cPCI总线板卡
2) 4通道I2C总线接口
支持三中速度模式：
标准工作模式 (100kbps)
快速工作模式 (400kbps) 
快速+工作模式(1.0Mbps) 
3) I2C接口类型：从设备接口
4) 地址空间2k@8Bit
5) 支持字节宽度配置：8～32位
6) 电平规格：5V CMOS/TTL
7) 输出接口：TE-5787082-7","1) 3U cPCI总线板卡
2) 4通道I2C总线接口
支持三中速度模式：
标准工作模式 (100kbps)
快速工作模式 (400kbps) 
快速+工作模式(1.0Mbps) 
3) I2C接口类型：从设备接口
4) 地址空间2k@8Bit
5) 支持字节宽度配置：8～32位
6) 电平规格：5V CMOS/TTL
7) 输出接口：TE-5787082-7"
通讯协议,PCM通讯板卡,Links-C3U-PCM,灵思创奇,￥250,1,￥250,,"3U cPCI板卡
4通道PCM通讯
支持三线制通讯——使能、时钟和数据
差分模式，采用5V RS422电平规格
收发通道独立FIFO，深度4096字节
提供FIFO满、半满中断","3U cPCI板卡
4通道PCM通讯
支持三线制通讯——使能、时钟和数据
差分模式，采用5V RS422电平规格
收发通道独立FIFO，深度4096字节
提供FIFO满、半满中断"
通讯协议,LVDS通讯板卡,Links-C3U-LVDS,灵思创奇,￥280,1,￥280,,"3U cPCI板卡
4通道LVDS通讯
支持三线制通讯——使能、时钟和数据
差分模式，采用5V RS422电平规格
收发通道独立FIFO，深度4096字节
提供FIFO满、半满中断","3U cPCI板卡
4通道LVDS通讯
支持三线制通讯——使能、时钟和数据
差分模式，采用5V RS422电平规格
收发通道独立FIFO，深度4096字节
提供FIFO满、半满中断"
通信协议,BISS-C总线板卡,Links-C3U-BISSC,灵思创奇,￥380,1,￥380,,"1) 3U欧规卡规格，兼容CompactPCI PICMG 2.0 R2.1 规范
2) 5通道BISS-C总线
3) 数据位宽：8～32位
4) 波特率：2MHz、1MHz、0KHz和250KHz
5) SSI测量间隔：0-255uS","1) 3U欧规卡规格，兼容CompactPCI PICMG 2.0 R2.1 规范
2) 5通道BISS-C总线
3) 数据位宽：8～32位
4) 波特率：2MHz、1MHz、0KHz和250KHz
5) SSI测量间隔：0-255uS"
通信协议,1553B接口板卡,Links-C3U-1553-1SA-ZK,灵思创奇,￥350,1,￥350,,3U CPCI总线，单通道（双冗余）单功能MIL-STD-1553，BC/RT/BM三种工作模式软件可选择其中一种工作模式,3U CPCI总线，单通道（双冗余）单功能MIL-STD-1553，BC/RT/BM三种工作模式软件可选择其中一种工作模式
通信协议,1553B接口板卡,Links-C3U-1553-1MA-ZK,灵思创奇,￥450,1,￥450,,3U CPCI总线，单通道（双冗余）多功能MIL-STD-1553， BC&31RT&BM三种工作模式可同时工作,3U CPCI总线，单通道（双冗余）多功能MIL-STD-1553， BC&31RT&BM三种工作模式可同时工作
通信协议,1553B接口板卡,Links-C3U-1553-2SA-ZK,灵思创奇,￥550,1,￥550,,3U CPCI总线，双通道（双冗余）单功能MIL-STD-1553，BC/RT/BM三种工作模式软件可选择其中一种工作模式,3U CPCI总线，双通道（双冗余）单功能MIL-STD-1553，BC/RT/BM三种工作模式软件可选择其中一种工作模式
通信协议,1553B接口板卡,Links-C3U-1553-2MA-ZK,灵思创奇,￥680,1,￥680,,3U CPCI总线，双通道（双冗余）多功能MIL-STD-1553， BC&31RT&BM三种工作模式可同时工作,3U CPCI总线，双通道（双冗余）多功能MIL-STD-1553， BC&31RT&BM三种工作模式可同时工作
通信协议,1553B终端器,TNG1-1-78,灵思创奇,￥0,1,￥0,,终端电阻，78欧姆,终端电阻，78欧姆
通信协议,1553B耦合器,ESI-210,灵思创奇,￥40,1,￥40,,双口1553B耦合器,双口1553B耦合器
通信协议,1553B耦合器,ESI-410,灵思创奇,￥60,1,￥60,,4口1553B耦合器,4口1553B耦合器
通信协议,1553B耦合器,ESI-810,灵思创奇,￥80,1,￥80,,8口1553B耦合器,8口1553B耦合器
通信协议,1553B测试电缆,定制,灵思创奇,￥10,1,￥10,,2米1553B电缆,2米1553B电缆
通信协议,A429接口卡,Links-C3U-429-0404,灵思创奇,￥250,1,￥250,,3U CPCI总线，ARINC429接口卡，12.5kbps、48kbps或100kbps速率，4发4收，发送FIFO容量1024字节，接收FIFO容量不加时间标签1024字节，加时间标签512字节,3U CPCI总线，ARINC429接口卡，12.5kbps、48kbps或100kbps速率，4发4收，发送FIFO容量1024字节，接收FIFO容量不加时间标签1024字节，加时间标签512字节
通信协议,A429接口卡,Links-C3U-429-0808-A,灵思创奇,￥350,1,￥350,,3U CPCI总线，ARINC429接口卡，12.5kbps、48kbps或100kbps速率，8发8收，发送FIFO容量1024字节，接收FIFO容量不加时间标签1024字节，加时间标签512字节,3U CPCI总线，ARINC429接口卡，12.5kbps、48kbps或100kbps速率，8发8收，发送FIFO容量1024字节，接收FIFO容量不加时间标签1024字节，加时间标签512字节
通信协议,A429接口卡,Links-C3U-429-1616,灵思创奇,￥450,1,￥450,,3U CPCI总线，ARINC429接口卡，12.5kbps、48kbps或100kbps速率，16发16收，发送FIFO容量1024字节，接收FIFO容量不加时间标签1024字节，加时间标签512字节,3U CPCI总线，ARINC429接口卡，12.5kbps、48kbps或100kbps速率，16发16收，发送FIFO容量1024字节，接收FIFO容量不加时间标签1024字节，加时间标签512字节
通信协议,A429接口卡,Links-C3U-429-0808-B,灵思创奇,￥240,1,￥240,,CPCI总线，ARINC-429通讯接口，8收8发，波特率可设置为10K/12.5K/48K/50K/100K/150K，支持动态更改,CPCI总线，ARINC-429通讯接口，8收8发，波特率可设置为10K/12.5K/48K/50K/100K/150K，支持动态更改
通信协议,A429接口卡,Links-C3U-429-1616-B,灵思创奇,￥480,1,￥480,,CPCI总线，3U，ARINC-429通讯接口，16收16发，波特率可设置为10K/12.5K/48K/50K/100K/150K，支持动态更改,CPCI总线，3U，ARINC-429通讯接口，16收16发，波特率可设置为10K/12.5K/48K/50K/100K/150K，支持动态更改
通信协议,AFDX接口卡,Links-C3U-AFDX-02,灵思创奇,￥980,1,￥980,,"3U CPCI，支持ARINC664规范；2路双冗余通道（2路发送，2路接收，4个10/100M端口），发送存储深度：8MByte/通道（可选16M），接收存储深度：8MByte/通道（可选16M），硬件实现AFDX协议栈；32bit,33MHz； 支持时间来源于IRIG（可选）","3U CPCI，支持ARINC664规范；2路双冗余通道（2路发送，2路接收，4个10/100M端口），发送存储深度：8MByte/通道（可选16M），接收存储深度：8MByte/通道（可选16M），硬件实现AFDX协议栈；32bit,33MHz； 支持时间来源于IRIG（可选）"
通信协议,AFDX接口卡,Links-C3U-AFDX-01,灵思创奇,￥750,1,￥750,,"3U CPCI，支持ARINC664规范；单通道单冗余通道，发送存储深度：8MByte/通道（可选16M），接收存储深度：8MByte/通道（可选16M），硬件实现AFDX协议栈；32bit,33MHz； 支持时间来源于IRIG（可选）","3U CPCI，支持ARINC664规范；单通道单冗余通道，发送存储深度：8MByte/通道（可选16M），接收存储深度：8MByte/通道（可选16M），硬件实现AFDX协议栈；32bit,33MHz； 支持时间来源于IRIG（可选）"
通信协议,以太网卡接口卡,Links-C3U-GigE02,灵思创奇,"￥5,800",1,"￥5,800",,4个10/100/10 Base-T接口，RJ-45连接器，IEEE802.3x Support,4个10/100/10 Base-T接口，RJ-45连接器，IEEE802.3x Support
时间与同步,秒脉冲卡,Links-C3U-PPS-4,灵思创奇,￥250,1,￥250,,"a) 4通道秒脉冲输出
b) 4通道秒脉冲输入
c) 板载温补晶振频率：40MHz
d) 晶振稳定性：±100ppb
e) 输入输出信号电平：5V CMOS（兼容TTL）和5V RS422电平
f) 输出通道可独立设置为秒脉冲通道或倍频通道
g) 秒脉冲模式支持高低电平宽度配置
h) 倍频通道支持脉冲个数设置
i) 秒脉冲间同步精度：≤75ns","a) 4通道秒脉冲输出
b) 4通道秒脉冲输入
c) 板载温补晶振频率：40MHz
d) 晶振稳定性：±100ppb
e) 输入输出信号电平：5V CMOS（兼容TTL）和5V RS422电平
f) 输出通道可独立设置为秒脉冲通道或倍频通道
g) 秒脉冲模式支持高低电平宽度配置
h) 倍频通道支持脉冲个数设置
i) 秒脉冲间同步精度：≤75ns"
时间与同步,秒脉冲卡,Links-C3U-PPS-8,灵思创奇,￥280,1,￥280,,"3U cPCI板卡
8通道秒脉冲输入
8通道秒脉冲输出
板载温补晶振频率：40MHz
晶振稳定性：±100ppb
支持单端模式和差分模式
输出通道可参考内部板载时钟，也可参照外部输入通道时钟
输出通道支持倍频（相对于输入通道或周期配置参数）
单端模式：5V CMOS电平，兼容5V TTL
差分模式：5V RS422电平规格","3U cPCI板卡
8通道秒脉冲输入
8通道秒脉冲输出
板载温补晶振频率：40MHz
晶振稳定性：±100ppb
支持单端模式和差分模式
输出通道可参考内部板载时钟，也可参照外部输入通道时钟
输出通道支持倍频（相对于输入通道或周期配置参数）
单端模式：5V CMOS电平，兼容5V TTL
差分模式：5V RS422电平规格"
可编程电阻,RTD电阻输出卡,Links-C3U-RTD01,灵思创奇,￥250,1,￥250,,PXI接口，10通道，12位分辨率，0Ω to 4kΩ，提供实时系统驱动,PXI接口，10通道，12位分辨率，0Ω to 4kΩ，提供实时系统驱动
可编程电阻,RTD电阻输出卡,Links-C3U-RTD02,灵思创奇,￥350,1,￥350,,PXI接口，10通道，16位分辨率，0Ω to 65kΩ，提供实时系统驱动,PXI接口，10通道，16位分辨率，0Ω to 65kΩ，提供实时系统驱动
可编程电阻,RTD电阻输出卡,Links-C3U-RTD03,灵思创奇,￥350,1,￥350,,PXI接口，18通道，8位分辨率，0Ω to 255Ω，提供实时系统驱动,PXI接口，18通道，8位分辨率，0Ω to 255Ω，提供实时系统驱动
可编程电阻,RTD小电阻模拟卡,Links-C3U-RTD01S,灵思创奇,￥200,1,￥200,,3U CPCI，4通道，分辨率为0.1欧姆，0.2~1.6欧姆，提供实时系统驱动,3U CPCI，4通道，分辨率为0.1欧姆，0.2~1.6欧姆，提供实时系统驱动
可编程电阻,RTD模拟卡,Links-C3U-RTD04,灵思创奇,￥250,1,￥250,,"3U欧规卡规格，兼容CompactPCI PICMG 2.0 R2.1 规范
8通道RTD；
12位分辨率，步进1欧姆；
范围：1欧姆～4095欧姆。
提供实时系统、Windows驱动","3U欧规卡规格，兼容CompactPCI PICMG 2.0 R2.1 规范
8通道RTD；
12位分辨率，步进1欧姆；
范围：1欧姆～4095欧姆。
提供实时系统、Windows驱动"
可编程电阻,可编程电阻模拟卡,Links-C3U-RTD05,灵思创奇,￥390,1,￥390,,"通道数：8
电阻范围：3欧～100欧
分辨率：0.125欧
精度：±0.1%±0.125欧
 连接器：DB-37公座","通道数：8
电阻范围：3欧～100欧
分辨率：0.125欧
精度：±0.1%±0.125欧
 连接器：DB-37公座"
可编程电阻,RTD模拟卡,Links-C3U-RTD06,灵思创奇,￥210,1,￥210,,"4通道模拟量采集
电阻范围：0-159999.9欧姆
电阻步进：100m欧姆
每通道功率：400mW（功率不得超过400mW）
输入最大电压范围：0-40V
阻值精度：±（0.1%设定值+100mΩ）
","4通道模拟量采集
电阻范围：0-159999.9欧姆
电阻步进：100m欧姆
每通道功率：400mW（功率不得超过400mW）
输入最大电压范围：0-40V
阻值精度：±（0.1%设定值+100mΩ）
"
可编程电阻,RTD模拟卡,Links-C3U-RTD07,灵思创奇,￥350,1,￥350,,"8通道模拟量采集
电阻范围：0-511.75欧姆
电阻步进：250m欧姆
每通道功率：400mW
输入最大电压范围：0-40V（功率不得超过400mW）
阻值精度：±（0.1%设定值+250mΩ）
","8通道模拟量采集
电阻范围：0-511.75欧姆
电阻步进：250m欧姆
每通道功率：400mW
输入最大电压范围：0-40V（功率不得超过400mW）
阻值精度：±（0.1%设定值+250mΩ）
"
可编程电阻,RTD模拟卡,Links-C3U-RTD08,灵思创奇,￥350,1,￥350,,"8通道模拟量采集
电阻范围：0-4095欧姆
电阻步进：100m欧姆
每通道功率：400mW（功率不得超过400mW）
输入最大电压范围：0-40V
阻值精度：±（0.1%设定值+100mΩ）
","8通道模拟量采集
电阻范围：0-4095欧姆
电阻步进：100m欧姆
每通道功率：400mW（功率不得超过400mW）
输入最大电压范围：0-40V
阻值精度：±（0.1%设定值+100mΩ）
"
可编程电阻,PXI热电阻采集卡,Links-C3U-RTD09,灵思创奇,￥480,1,￥450,,"PT100采集8通道、PT10采集8通道
采样速率：100S/s；
分辨率：24位。","PT100采集8通道、PT10采集8通道
采样速率：100S/s；
分辨率：24位。"
共享/反射内存,反射内存卡,Links-C3U-RFM-01,灵思创奇,￥240,1,￥240,,"3U CPCI，高速光纤接口，256 M内存, 4 K FIFO,  2.12G波特率，支持300m（多模）传输距离，支持网络中断","3U CPCI，高速光纤接口，256 M内存, 4 K FIFO,  2.12G波特率，支持300m（多模）传输距离，支持网络中断"
共享/反射内存,反射内存卡,Links-C3U-RFM-02,灵思创奇,￥240,1,￥240,,3U CPCI，高速光纤接口，256MB SDRAM ，多模反射内存板卡。 ,3U CPCI，高速光纤接口，256MB SDRAM ，多模反射内存板卡。 
温度-应变-振动,高精度模拟量采集卡,Links-C3U-AI-05,灵思创奇,￥400,1,￥400,,"通道数：8
耦合方式：直流
输入模式：差分
最高采样率：10kSa/s
分辨率：24bits
输入量程：±0.05V、±0.1V、±1V、±10V
直流精度：1V及以上：±0.01%+0.5mV
                    1V以下：  ±0.01%+2uV","通道数：8
耦合方式：直流
输入模式：差分
最高采样率：10kSa/s
分辨率：24bits
输入量程：±0.05V、±0.1V、±1V、±10V
直流精度：1V及以上：±0.01%+0.5mV
                    1V以下：  ±0.01%+2uV"
