id,model,brand,category,type,price_cny,quantity,total_amount_cny,detailed_description,a429_baud_rate_dynamic_config,a429_baud_rate_options_kbps,a429_rx_channel_count,a429_rx_fifo_no_timestamp_bytes,a429_rx_fifo_with_timestamp_bytes,a429_tx_channel_count,a429_tx_fifo_bytes,ad_accuracy_current_percent_fs,ad_accuracy_high_range_offset_mv,ad_accuracy_high_range_percent,ad_accuracy_low_range_offset_uv,ad_accuracy_low_range_percent,ad_accuracy_voltage_percent_fs,ad_channel_count,ad_channel_count_differential,ad_channel_count_options,ad_channel_count_single_ended,ad_channel_count_total,ad_channel_group_size,ad_coupling_mode,ad_current_sampling_resistor_accuracy_percent,ad_current_sampling_resistor_ohm,ad_current_sampling_resistor_power_mw,ad_fifo_depth_bytes,ad_group_configurable_by_switch,ad_group_configurable_voltage_current,ad_input_current_custom_max_ma,ad_input_current_custom_min_ma,ad_input_current_max_ma,ad_input_current_min_ma,ad_input_impedance_accuracy_percent,ad_input_impedance_high_voltage_ohm,ad_input_impedance_ohm,ad_input_modes,ad_input_voltage_custom_max_v,ad_input_voltage_custom_min_v,ad_input_voltage_max_v,ad_input_voltage_min_v,ad_input_voltage_options_v,ad_input_voltage_programmable,ad_is_parallel_sampling,ad_is_static_sampling,ad_resolution_bits,ad_rtd_pt100_channel_count,ad_rtd_pt10_channel_count,ad_rtd_resolution_bits,ad_rtd_sampling_rate_hz,ad_sampling_period_us,ad_sampling_rate_hz,afdx_buffer_depth_options_bytes,afdx_channel_count,afdx_hardware_protocol_stack,afdx_irig_time_support,afdx_port_count,afdx_redundancy_support,afdx_rx_buffer_depth_bytes,afdx_rx_port_count,afdx_tx_buffer_depth_bytes,afdx_tx_port_count,bissc_baud_rate_options_hz,bissc_channel_count,bissc_data_width_bits_max,bissc_data_width_bits_min,bissc_measurement_interval_max_us,bissc_measurement_interval_min_us,bus_interface_types_supported,bus_pci_frequency_mhz,bus_pci_width_bits,can_baud_rate_max_bps,can_baud_rate_min_bps,can_baud_rate_programmable,can_channel_count,can_controller_rate_hz,can_fd_baud_rate_max_bps,can_fd_baud_rate_min_bps,can_fd_baud_rate_programmable,can_fd_support,can_frame_formats_supported,can_isolation_support,can_isolation_voltage_v,can_protocol_canopen_support,can_protocol_dbc_support,can_protocol_j1939_support,can_protocol_uds_support,can_rx_frame_types_supported,can_rx_max_frames_per_sec,can_standards_supported,can_tx_frame_types_supported,can_tx_max_frames_per_sec,common_api_support,compatible_devices,configuration_via_jumper,connector_type,counter_bits,counter_can_measure_duty_cycle,counter_can_measure_frequency,counter_channel_count,counter_edge_interrupt_support,counter_max_input_frequency_hz,counter_reference_clock_hz,counter_register_count_per_channel,da_accuracy_current_percent_fs,da_accuracy_voltage_percent_fs,da_analog_output_count_voltage,da_analog_output_count_voltage_current,da_channel_count,da_is_parallel_output,da_is_sync_output,da_isolation_support,da_output_current_max_ma,da_output_current_min_ma,da_output_is_unipolar_current,da_output_mode_configurable_switch,da_output_mode_programmable,da_output_voltage_max_v,da_output_voltage_min_v,da_output_voltage_options_v,da_resolution_bits,da_slew_rate_ma_per_us,da_slew_rate_v_per_us,da_update_period_us,da_update_rate_hz,devicenet_support,di_channel_count,di_digital_filter_max_hz,di_digital_filter_min_hz,di_digital_filter_programmable,di_external_power_max_v,di_external_power_min_v,di_input_impedance_to_ground_ohm,di_input_impedance_to_power_ohm,di_input_modes,di_logic_level_high_max_v,di_logic_level_high_min_v,di_logic_level_low_max_v,di_logic_level_low_min_v,di_max_input_voltage_v,di_overvoltage_protection_v,di_requires_external_power,di_voltage_high_max_v,di_voltage_high_min_v,di_voltage_low_max_v,di_voltage_low_min_v,di_voltage_range_max_v,di_voltage_range_min_v,di_voltage_supports_custom_level,dio_configurable_as_counter,dio_configurable_as_pulse_input,dio_configurable_as_pwm,dio_direction_configurable_per_channel,dio_direction_configurable_software,dio_direction_group_size,dio_interrupt_capability,dio_isolation_support,dio_isolation_voltage_v,dio_logic_levels_supported,dio_total_channel_count,dma_support,do_channel_count,do_continuous_current_ma,do_direction_configurable_per_channel,do_drive_current_ma,do_external_power_max_v,do_external_power_min_v,do_isolation_support,do_isolation_voltage_v,do_max_load_voltage_v,do_on_resistance_ohm,do_output_impedance_gnd_gnd_ohm,do_output_impedance_gnd_open_ohm,do_output_impedance_v_gnd_ohm,do_output_impedance_v_open_ohm,do_output_modes,do_requires_external_power,do_retain_value_on_reset,do_sink_current_max_ma,do_voltage_high_max_v,do_voltage_high_min_v,do_voltage_low_max_v,do_voltage_low_min_v,do_voltage_range_max_v,do_voltage_range_min_v,do_voltage_supports_custom_level,dpm_support,driver_support_linux,driver_support_realtime,driver_support_windows,encoder_ab_sample_edge_configurable,encoder_channel_count_differential,encoder_channel_count_single_ended,encoder_counter_bits,encoder_counter_has_direction,encoder_debounce_clock_hz,encoder_digital_debounce_support,encoder_hall_channel_count,encoder_isolation_support,encoder_max_input_frequency_hz,encoder_output_angle_velocity,encoder_quadrature_channel_count,encoder_signal_types_supported,encoder_z_pulse_edge_configurable,encoder_z_pulse_interrupt_support,encoder_z_pulse_reload_support,endat_baud_rate_options_hz,endat_channel_count,endat_flag_bits,endat_recovery_time_max_us,endat_recovery_time_min_us,endat_resolution_bits_max,endat_resolution_bits_min,endat_version,ethercat_support,ethernet_controller_chip_model,ethernet_passthrough_port_count,ethernet_port_count,ethernet_port_type,ethernet_realtime_support,ethernet_speeds_supported_mbps,extensive_driver_support,form_factor,fpga_block_ram_mb,fpga_fiber_channel_count,fpga_fiber_connector_type,fpga_flip_flops,fpga_high_speed_io_expansion_support,fpga_logic_cells,fpga_luts,fpga_multiplier_type,fpga_multipliers_maccs,fpga_ps_arm_architecture,fpga_ps_arm_cores,fpga_ps_arm_model,fpga_ps_cpu_frequency_hz,fpga_ps_external_memory_bus_width,fpga_ps_external_memory_support,fpga_ps_l1_cache_kb,fpga_ps_l2_cache_kb,fpga_ps_on_chip_boot_rom,fpga_ps_on_chip_ram_kb,fpga_supports_100g_ethernet,fpga_transceivers_gth_count,fpga_transceivers_gth_speed_gbps,fpga_transceivers_gtx_count,fpga_transceivers_gty_count,fpga_transceivers_gty_speed_gbps,i2c_address_space_bytes,i2c_channel_count,i2c_data_width_max_bits,i2c_data_width_min_bits,i2c_interface_type,i2c_logic_levels_supported,i2c_speed_modes_supported_kbps,lvds_channel_count,lvds_fifo_depth_bytes,lvds_fifo_interrupt_full,lvds_fifo_interrupt_half_full,lvds_logic_levels_supported,lvds_wire_protocol_support,lvdt_rvdt_accuracy_arcmin,lvdt_rvdt_channel_count,lvdt_rvdt_excitation_frequency_max_hz,lvdt_rvdt_excitation_frequency_min_hz,lvdt_rvdt_excitation_voltage_vpp,lvdt_rvdt_output_impedance_ohm,lvdt_rvdt_output_signal_vpp,lvdt_rvdt_output_voltage_max_v,lvdt_rvdt_output_voltage_min_v,lvdt_rvdt_rdc_support,lvdt_rvdt_reference_frequency_adaptive,lvdt_rvdt_reference_frequency_max_hz,lvdt_rvdt_reference_frequency_min_hz,lvdt_rvdt_reference_voltage_custom_support,lvdt_rvdt_reference_voltage_v,lvdt_rvdt_resolution_bits,mil1553_cable_length_m,mil1553_channel_count,mil1553_coupler_port_count,mil1553_modes_simultaneous_support,mil1553_multifunction_support,mil1553_operation_modes_supported,mil1553_redundancy_support,mil1553_rt_address_count,mil1553_singlefunction_support,motion_enable_reset_channel_count,motion_pulse_output_channel_count,motion_pulse_output_type,pcm_channel_count,pcm_fifo_depth_bytes,pcm_fifo_interrupt_full,pcm_fifo_interrupt_half_full,pcm_logic_levels_supported,pcm_wire_protocol_support,power_from_bus,power_output_channel_count,power_output_current_ma,power_output_voltage_v,pps_input_channel_count,pps_logic_levels_supported,pps_oscillator_frequency_hz,pps_oscillator_is_temperature_compensated,pps_oscillator_stability_ppb,pps_output_channel_count,pps_output_mode_configurable,pps_output_pulse_count_configurable,pps_output_pulse_width_configurable,pps_output_reference_external,pps_output_reference_internal,pps_sync_accuracy_ns,profibus_dp_support,profinet_support,psi5_channel_count,pwm_channel_independent_control,pwm_complementary_output_support,pwm_dead_zone_configurable,pwm_frequency_max_hz,pwm_frequency_min_hz,pwm_input_channel_count,pwm_output_channel_count,rdc_sdc_channel_count,rdc_sdc_coarse_fine_support,rdc_sdc_excitation_drive_current_ma,rdc_sdc_excitation_voltage_vpp,rdc_sdc_frequency_default_hz,rdc_sdc_frequency_max_hz,rdc_sdc_frequency_min_hz,rdc_sdc_input_is_differential,rdc_sdc_input_is_single_ended,rdc_sdc_input_signal_max_vrms,rdc_sdc_resolution_bits,rdc_sdc_simulation_channel_count,relay_bounce_time_ms,relay_channel_count,relay_max_current_ma,relay_max_voltage_vdc,relay_provides_no_nc_com,relay_type,rfm_baud_rate_bps,rfm_fiber_mode,rfm_fiber_transmission_distance_m,rfm_fifo_depth_bytes,rfm_memory_size_bytes,rfm_network_interrupt_support,rotary_switch_slot_assignment,rtd_accuracy_ohm_offset,rtd_accuracy_percent,rtd_channel_count,rtd_max_input_voltage_v,rtd_max_power_mw,rtd_resistance_max_ohm,rtd_resistance_min_ohm,rtd_resolution_bits,rtd_resolution_ohm,sent_channel_count,signal_from_bus,spi_channel_count,spi_clock_frequency_division_support,spi_clock_frequency_hz,spi_cpol_cpha_support,spi_data_width_bits,spi_logic_level_differential,spi_logic_level_single_ended,spi_logic_levels_supported,spi_master_channel_count,spi_slave_channel_count,spi_supports_differential,spi_supports_single_ended,ssi_baud_rate_options_hz,ssi_channel_count,ssi_clock_frequency_division_support,ssi_clock_frequency_hz,ssi_data_width_bits,ssi_data_width_bits_max,ssi_data_width_bits_min,ssi_logic_level_differential,ssi_logic_level_single_ended,ssi_master_channel_count,ssi_measurement_interval_max_us,ssi_measurement_interval_min_us,ssi_slave_channel_count,ssi_supports_differential,ssi_supports_single_ended,termination_resistor_ohm,uart_channel_count,uart_controller_chip_model,uart_data_bits_options,uart_differential_channel_count_rx,uart_differential_channel_count_tx,uart_differential_max_bps,uart_differential_signal_control_independent,uart_esd_protection_kv,uart_fifo_depth_bytes,uart_input_termination_ohm,uart_interface_types_supported,uart_interrupt_on_data_volume,uart_interrupt_on_timeout,uart_isolation_board_level,uart_isolation_per_channel,uart_isolation_support,uart_max_baud_rate_bps,uart_max_baud_rate_rs232_bps,uart_max_baud_rate_rs4xx_bps,uart_min_baud_rate_rs232_bps,uart_min_baud_rate_rs4xx_bps,uart_parity_options_supported,uart_protocol_receive_count,uart_protocol_receive_support,uart_receive_fifo_total_bytes,uart_receive_fifo_total_bytes_per_channel,uart_receive_timestamp_resolution_ms,uart_receive_timestamp_support,uart_send_fifo_per_channel_bytes,uart_single_ended_channel_count_rx,uart_single_ended_channel_count_tx,uart_stop_bits_options,uart_virtual_com_port_support
1,Links-IPC-DAQ-05,灵思创奇,多功能采集板卡,多功能采集,250,1,250,"16路A/D并行采集，16位分辨率，±10 V（可客制-30V～+30V），采样率100kHz；
16路D/A并行输出，16位分辨率，±10 V，数据更新率100KHz；
32路数字I/O线（5V CMOS/TTL），可软件配置为DI、DO、计数器输入/输出，PWM输入/输出，16个32位计数器。",,,,,,,,,,,,,,,,,,16,,,,,,,,,,,,,,,,,30.0,-30.0,10.0,-10.0,,,True,,16,,,,,,100000.0,,,,,,,,,,,,,,,,,,,,,,,,,,,,,,,,,,,,,,,,,,,,,32,,,16,,,,,,,,,16,True,,,,,,,,10.0,-10.0,,16,,,,100000.0,,32,,,,,,,,,,,,,,,,,,,,,,,True,,True,,True,,,,,"5V CMOS, 5V TTL",32,,32,,,,,,,,,,,,,,,,,,,,,,,,,,,,,,,,,,,,,,,,,,,,,,,,,,,,,,,,,,,,,,,,,,,,,,,,,,,,,,,,,,,,,,,,,,,,,,,,,,,,,,,,,,,,,,,,,,,,,,,,,,,,,,,,,,,,,,,,,,,,,,,,,,,,,,,,,,,,,,,,,,,,,,,,,,,,,,,,,,,,,,,,,,,,,,,,,,,,,,,,,,,,,,,,,,,,,,,,,,,,,,,,,,,,,,,,,,,,,,,,,,,,,,,,,,,,,,,,
2,Links-IPCe-DAQ-06,灵思创奇,多功能采集板卡,多功能采集,190,1,190,"1）32路单端/16路差分A/D输入，16位分辨率，采样率0KHz，64M FIFO,输入范围±10V/±5V/±2.5V/±1.25V/±0.625V可设；
2）4路同步D/A输出，16位分辨率，单通道更新率最大可达2.8M Samples/S，±10V, ±5V输出；
3)48路DIO，TTL电平，软件可配；（细化参数，功能单一，找交付）
4)4通道32位定时器/计数器",,,,,,,,,,,,,,,16,,32,,,,,,,67108864,,,,,,,,,,,,,,,±10V/±5V/±2.5V/±1.25V/±0.625V,True,,,16,,,,,,0,,,,,,,,,,,,,,,,,,,,,,,,,,,,,,,,,,,,,,,,,,,,,32,,,4,,,,,,,,,4,,True,,,,,,,,,"±10V, ±5V",16,,,,2800000,,,,,,,,,,,,,,,,,,,,,,,,,,,,,True,,,,,TTL,48,,,,,,,,,,,,,,,,,,,,,,,,,,,,,,,,,,,,,,,,,,,,,,,,,,,,,,,,,,,,,,,,,,,,,,,,,,,,,,,,,,,,,,,,,,,,,,,,,,,,,,,,,,,,,,,,,,,,,,,,,,,,,,,,,,,,,,,,,,,,,,,,,,,,,,,,,,,,,,,,,,,,,,,,,,,,,,,,,,,,,,,,,,,,,,,,,,,,,,,,,,,,,,,,,,,,,,,,,,,,,,,,,,,,,,,,,,,,,,,,,,,,,,,,,,,,,,,,,,
3,Links-IPC-DAQ-07,灵思创奇,多功能采集板卡,多功能采集,90,1,90,"1）32路单端/16路差分A/D输入，16位分辨率，采样率100KHz,输入范围±10V/±5V/±2.5V/±1.25V可设；
2）16通道DO，16通道DI，20VRMS隔离；
3)1通道32位定时器/计数器",,,,,,,,,,,,,,,16,,32,32,,,,,,,,,,,,,,,,,,,,,±10V/±5V/±2.5V/±1.25V,True,,,16,,,,,,100000,,,,,,,,,,,,,,,,,,,,,,,,,,,,,,,,,,,,,,,,,,,,,32,,,1,,,,,,,,,,,,,,,,,,,,,,,,,,,16,,,,,,,,,,,,,,,,,,,,,,,,,,,,,,True,20,,,,16,,,,,,,,,,,,,,,,,,,,,,,,,,,,,,,,,,,,,,,,,,,,,,,,,,,,,,,,,,,,,,,,,,,,,,,,,,,,,,,,,,,,,,,,,,,,,,,,,,,,,,,,,,,,,,,,,,,,,,,,,,,,,,,,,,,,,,,,,,,,,,,,,,,,,,,,,,,,,,,,,,,,,,,,,,,,,,,,,,,,,,,,,,,,,,,,,,,,,,,,,,,,,,,,,,,,,,,,,,,,,,,,,,,,,,,,,,,,,,,,,,,,,,,,,,,,,,,,
4,Links-IPC-DAQ-08,灵思创奇,多功能采集卡（DA通道已经调整为4路）板卡,多功能采集,90,1,90,"12路PWM输出通道，每路可独立控制，10Hz~1MHz，可以两路一组构成互补输出关系（死区可设置）；
2路增量式正交编码器采集通道，32位计数器，可直接输出角度和角速度；
6路差分信号输入通道，可配置为霍尔编码器采集；
8路并行A/D，16位分辨率，±10V，采样率100kHz；
4路DA，16位分辨率，±10V；
8路DI，8路DO，TTL电平；
2路5V供电输出，单路最大电流输出200mA；
2路数字I/O线（5V CMOS/TTL），可配置为脉冲采集通道，可采集脉冲频率和占空比，32位计数器。",,,,,,,,,,,,,,8,,,,,,,,,,,,,,,,,,,,,,,10.0,-10.0,,,True,,16,,,,,,100000,,,,,,,,,,,,,,,,,,,,,,,,,,,,,,,,,,,,,,,,,,,,,32,True,True,,,,,,,,,,4,,,,,,,,,10.0,-10.0,,16,,,,,,8,,,,,,,,,,,,,,,,,,,,,,,,True,,,,,,,,"{""TTL""}",2,,8,,,,,,,,,,,,,,,,,,,,,,,,,,,,,,,,32,,,,6,,,True,2,,,,,,,,,,,,,,,,,,,,,,,,,,,,,,,,,,,,,,,,,,,,,,,,,,,,,,,,,,,,,,,,,,,,,,,,,,,,,,,,,,,,,,,,,,,,,,,2,200,5,,,,,,,,,,,,,,,,True,True,True,1000000,10,,12,,,,,,,,,,,,,,,,,,,,,,,,,,,,,,,,,,,,,,,,,,,,,,,,,,,,,,,,,,,,,,,,,,,,,,,,,,,,,,,,,,,,,,,,,,,,,,,,,
5,Links-IPC-DA-03,灵思创奇,模拟量输出板卡,模拟量,150,1,150,"16通道电压或电流输出（软件可配）
16位D/A分辨率
电压输出范围：-10V～+10V
电流输出范围：0～+20mA
电流输出精度0.05%（F.S.）
电压输出精度0.1%（F.S.）",,,,,,,,,,,,,,,,,,,,,,,,,,,,,,,,,,,,,,,,,,,,,,,,,,,,,,,,,,,,,,,,,,,,,,,,,,,,,,,,,,,,,,,,,,,,,,,,,,,,,,0.05,0.1,,,16,,,,20.0,0.0,,,True,10.0,-10.0,,16,,,,,,,,,,,,,,,,,,,,,,,,,,,,,,,,,,,,,,,,,,,,,,,,,,,,,,,,,,,,,,,,,,,,,,,,,,,,,,,,,,,,,,,,,,,,,,,,,,,,,,,,,,,,,,,,,,,,,,,,,,,,,,,,,,,,,,,,,,,,,,,,,,,,,,,,,,,,,,,,,,,,,,,,,,,,,,,,,,,,,,,,,,,,,,,,,,,,,,,,,,,,,,,,,,,,,,,,,,,,,,,,,,,,,,,,,,,,,,,,,,,,,,,,,,,,,,,,,,,,,,,,,,,,,,,,,,,,,,,,,,,,,,,,,,,,,,,,,
6,Links-IPC-DA-04,灵思创奇,模拟量输出板卡,模拟量,180,1,180,"16通道电压或电流输出（软件可配）
16通道数字量输入/输出（软件可配）
每8通道数字量一组，方向整组设置
5V CMOS电平，兼容5V TTL电平
16位D/A分辨率
电压输出范围：-10V～+10V
电流输出范围：0～+20mA
电流输出精度0.05%（F.S.）
电压输出精度0.1%（F.S.）",,,,,,,,,,,,,,,,,,,,,,,,,,,,,,,,,,,,,,,,,,,,,,,,,,,,,,,,,,,,,,,,,,,,,,,,,,,,,,,,,,,,,,,,,,,,,,,,,,,,,,0.05,0.1,,,16,,,,20.0,0.0,,,True,10.0,-10.0,,16,,,,,,,,,,,,,,,,,,,,,,,,,,,,,,,,,True,8,,,,"5V CMOS, 5V TTL",16,,,,,,,,,,,,,,,,,,,,,,,,,,,,,,,,,,,,,,,,,,,,,,,,,,,,,,,,,,,,,,,,,,,,,,,,,,,,,,,,,,,,,,,,,,,,,,,,,,,,,,,,,,,,,,,,,,,,,,,,,,,,,,,,,,,,,,,,,,,,,,,,,,,,,,,,,,,,,,,,,,,,,,,,,,,,,,,,,,,,,,,,,,,,,,,,,,,,,,,,,,,,,,,,,,,,,,,,,,,,,,,,,,,,,,,,,,,,,,,,,,,,,,,,,,,,,,,,,,
7,Links-IPC-AD-01,灵思创奇,同步模拟量采集板卡,模拟量,190,1,190,"16通道并行模拟量采集，16位分辨率
每8通道一组，整组支持配置为电压采集或电流采集
电压采集：精度0.1%（F.S.），范围-10V～+10V（可客制-30V～+30V）
采样率：200kHz
电流采集：精度0.1%（F.S.），范围-20mA～+20mA（可客制-100mA～+100mA）",,,,,,,,0.1,,,,,0.1,,,,,16,8,,,,,,,True,100,-100,20,-20,,,,,30,-30,10,-10,,,,,16,,,,,,200000,,,,,,,,,,,,,,,,,,,,,,,,,,,,,,,,,,,,,,,,,,,,,,,,,,,,,,,,,,,,,,,,,,,,,,,,,,,,,,,,,,,,,,,,,,,,,,,,,,,,,,,,,,,,,,,,,,,,,,,,,,,,,,,,,,,,,,,,,,,,,,,,,,,,,,,,,,,,,,,,,,,,,,,,,,,,,,,,,,,,,,,,,,,,,,,,,,,,,,,,,,,,,,,,,,,,,,,,,,,,,,,,,,,,,,,,,,,,,,,,,,,,,,,,,,,,,,,,,,,,,,,,,,,,,,,,,,,,,,,,,,,,,,,,,,,,,,,,,,,,,,,,,,,,,,,,,,,,,,,,,,,,,,,,,,,,,,,,,,,,,,,,,,,,,,,,,,,,,,,,,,,,,,
8,Links-IPC-AD-02,灵思创奇,同步模拟量采集板卡,模拟量,190,1,190,"32通道并行模拟量采集，16位分辨率
每8通道一组，整组支持配置为电压采集或电流采集
电压采集：精度0.2%（F.S.），范围-10V～+10V（可客制-30V～+30V）
采样率：200kHz
电流采集：精度0.2%（F.S.），范围-20mA～+20mA（可客制-100mA～+100mA）",,,,,,,,0.2,,,,,0.2,,,,,32,8,,,,,,,True,100,-100,20,-20,,,,,30,-30,10,-10,,,True,,16,,,,,,200000,,,,,,,,,,,,,,,,,,,,,,,,,,,,,,,,,,,,,,,,,,,,,,,,,,,,,,,,,,,,,,,,,,,,,,,,,,,,,,,,,,,,,,,,,,,,,,,,,,,,,,,,,,,,,,,,,,,,,,,,,,,,,,,,,,,,,,,,,,,,,,,,,,,,,,,,,,,,,,,,,,,,,,,,,,,,,,,,,,,,,,,,,,,,,,,,,,,,,,,,,,,,,,,,,,,,,,,,,,,,,,,,,,,,,,,,,,,,,,,,,,,,,,,,,,,,,,,,,,,,,,,,,,,,,,,,,,,,,,,,,,,,,,,,,,,,,,,,,,,,,,,,,,,,,,,,,,,,,,,,,,,,,,,,,,,,,,,,,,,,,,,,,,,,,,,,,,,,,,,,,,,,,,
9,Links-IPC-AD-03,灵思创奇,同步模拟量采集板卡,模拟量,270,1,270,"16/32通道模拟量采集
每通道100Ksps采样速率
输入电压范围：+10V～-10V，支持客制至+30V～-30V
输入电流范围：+20mA～-20mA
电流采样电阻：470Ω@0.250mW，精度0.1%
电压输入模式输入阻抗：10MΩ，精度10%",,,,,,,,,,,,,,,,"{""16"",""32""}",,,,,0.1,470.0,0.25,,,,,,20.0,-20.0,10.0,,10000000.0,,30.0,-30.0,10.0,-10.0,,,,,,,,,,,100000.0,,,,,,,,,,,,,,,,,,,,,,,,,,,,,,,,,,,,,,,,,,,,,,,,,,,,,,,,,,,,,,,,,,,,,,,,,,,,,,,,,,,,,,,,,,,,,,,,,,,,,,,,,,,,,,,,,,,,,,,,,,,,,,,,,,,,,,,,,,,,,,,,,,,,,,,,,,,,,,,,,,,,,,,,,,,,,,,,,,,,,,,,,,,,,,,,,,,,,,,,,,,,,,,,,,,,,,,,,,,,,,,,,,,,,,,,,,,,,,,,,,,,,,,,,,,,,,,,,,,,,,,,,,,,,,,,,,,,,,,,,,,,,,,,,,,,,,,,,,,,,,,,,,,,,,,,,,,,,,,,,,,,,,,,,,,,,,,,,,,,,,,,,,,,,,,,,,,,,,,,,,,,,,
10,Links-IPC-SER-01,灵思创奇,串口板卡,通信协议,60,1,60,PCI接口，8路异步串行通道，支持RS-232/422/485模式配置，通讯速度可达到921.6Kbps，板载128字节FIFO，采用标准的16PCI954 UART,,,,,,,,,,,,,,,,,,,,,,,,,,,,,,,,,,,,,,,,,,,,,,,,,,,,,,,,,,,,,,,,,,"{""PCI""}",,,,,,,,,,,,,,,,,,,,,,,,,,,,,,,,,,,,,,,,,,,,,,,,,,,,,,,,,,,,,,,,,,,,,,,,,,,,,,,,,,,,,,,,,,,,,,,,,,,,,,,,,,,,,,,,,,,,,,,,,,,,,,,,,,,,,,,,,,,,,,,,,,,,,,,,,,,,,,,,,,,,,,,,,,,,,,,,,,,,,,,,,,,,,,,,,,,,,,,,,,,,,,,,,,,,,,,,,,,,,,,,,,,,,,,,,,,,,,,,,,,,,,,,,,,,,,,,,,,,,,,,,,,,,,,,,,,,,,,,,,,,,,,,,,,,,,,,,,,,,,,,,,,,,,,,,,,,,8,16PCI954,,,,,,,128,,"{""RS-232"",""RS-422"",""RS-485""}",,,,,,921600,,,,,,,,,,,,,,,,
11,Links-IPCe-SER-02,灵思创奇,串口板卡,通信协议,60,1,60,PCIe接口，8路异步串行通道，支持RS-232/422/485模式配置，通讯速度可达到921.6Kbps，板载128字节FIFO，采用高性能的PCIe958 UART,,,,,,,,,,,,,,,,,,,,,,,,,,,,,,,,,,,,,,,,,,,,,,,,,,,,,,,,,,,,,,,,,,"{""PCIe""}",,,,,,,,,,,,,,,,,,,,,,,,,,,,,,,,,,,,,,,,,,,,,,,,,,,,,,,,,,,,,,,,,,,,,,,,,,,,,,,,,,,,,,,,,,,,,,,,,,,,,,,,,,,,,,,,,,,,,,,,,,,,,,,,,,,,,,,,,,,,,,,,,,,,,,,,,,,,,,,,,,,,,,,,,,,,,,,,,,,,,,,,,,,,,,,,,,,,,,,,,,,,,,,,,,,,,,,,,,,,,,,,,,,,,,,,,,,,,,,,,,,,,,,,,,,,,,,,,,,,,,,,,,,,,,,,,,,,,,,,,,,,,,,,,,,,,,,,,,,,,,,,,,,,,,,,,,,,,8,PCIe958,,,,,,,128,,"{""RS-232"",""RS-422"",""RS-485""}",,,,,,921600,,,,,,,,,,,,,,,,
12,Links-IPC-SER-03,灵思创奇,串口板卡,通信协议,60,1,60,PCI接口，4路异步串行通道，支持RS-232/422/485模式配置，通讯速度可达到921.6Kbps，板载256字节FIFO，采用高性能的XR17V354芯片；,,,,,,,,,,,,,,,,,,,,,,,,,,,,,,,,,,,,,,,,,,,,,,,,,,,,,,,,,,,,,,,,,,"{""PCI""}",,,,,,,,,,,,,,,,,,,,,,,,,,,,,,,,,,,,,,,,,,,,,,,,,,,,,,,,,,,,,,,,,,,,,,,,,,,,,,,,,,,,,,,,,,,,,,,,,,,,,,,,,,,,,,,,,,,,,,,,,,,,,,,,,,,,,,,,,,,,,,,,,,,,,,,,,,,,,,,,,,,,,,,,,,,,,,,,,,,,,,,,,,,,,,,,,,,,,,,,,,,,,,,,,,,,,,,,,,,,,,,,,,,,,,,,,,,,,,,,,,,,,,,,,,,,,,,,,,,,,,,,,,,,,,,,,,,,,,,,,,,,,,,,,,,,,,,,,,,,,,,,,,,,,,,,,,,,,4,XR17V354,,,,,,,256,,"{""RS-232"",""RS-422"",""RS-485""}",,,,,,921600,,,,,,,,,,,,,,,,
13,Links-IPC-CAN,灵思创奇,CAN接口板卡,通信协议,60,1,60,CAN总线接口，2个高速通道，16Mhz控制速率， 1Mbps传输率，20V隔离 ；,,,,,,,,,,,,,,,,,,,,,,,,,,,,,,,,,,,,,,,,,,,,,,,,,,,,,,,,,,,,,,,,,,,,,1000000,,,2,16000000,,,,,,True,20,,,,,,,,,,,,,,,,,,,,,,,,,,,,,,,,,,,,,,,,,,,,,,,,,,,,,,,,,,,,,,,,,,,,,,,,,,,,,,,,,,,,,,,,,,,,,,,,,,,,,,,,,,,,,,,,,,,,,,,,,,,,,,,,,,,,,,,,,,,,,,,,,,,,,,,,,,,,,,,,,,,,,,,,,,,,,,,,,,,,,,,,,,,,,,,,,,,,,,,,,,,,,,,,,,,,,,,,,,,,,,,,,,,,,,,,,,,,,,,,,,,,,,,,,,,,,,,,,,,,,,,,,,,,,,,,,,,,,,,,,,,,,,,,,,,,,,,,,,,,,,,,,,,,,,,,,,,,,,,,,,,,,,,,,,,,,,,
14,Links-IPC-CANFD-04,灵思创奇,CAN/CAN-FD接口板卡,通信协议,80,1,80,"4通道CAN/CAN-FD卡，DB37接口。
CAN 通讯波特率在 40Kbps~1Mbps 之间任意可编程；
CANFD 波特率在 1Mbps~5Mbps 之间任意可编程；
单通道发送最高数据流量：40 帧/秒（远程帧、单帧发送）；
单通道接收最高数据流量：100 帧/秒（远程帧）；
提供Linux驱动，支持电气隔离，支持ISO/Bosch CANFD标准，支持车载DBC协议收发，支持车载UDS协议诊断，支持CANopen与J1939协议分析，带120Ω终端电阻。",,,,,,,,,,,,,,,,,,,,,,,,,,,,,,,,,,,,,,,,,,,,,,,,,,,,,,,,,,,,,,,,,,,,,1000000,40000,True,4,,5000000,1000000,True,True,,True,,True,True,True,True,远程帧,100,ISO/Bosch CANFD,远程帧、单帧发送,40,,,,DB37,,,,,,,,,,,,,,,,,,,,,,,,,,,,,,,,,,,,,,,,,,,,,,,,,,,,,,,,,,,,,,,,,,,,,,,,,,,,,,,,,,,,,,,,,,,,True,,,,,,,,,,,,,,,,,,,,,,,,,,,,,,,,,,,,,,,,,,,,,,,,,,,,,,,,,,,,,,,,,,,,,,,,,,,,,,,,,,,,,,,,,,,,,,,,,,,,,,,,,,,,,,,,,,,,,,,,,,,,,,,,,,,,,,,,,,,,,,,,,,,,,,,,,,,,,,,,,,,,,,,,,,,,,,,,,,,,,,,,,,,,,,,,,,,,,120,,,,,,,,,,,,,,,,,,,,,,,,,,,,,,,,,
15,Links-IPC-CANFD-02,灵思创奇,CAN/CAN-FD接口板卡,通信协议,60,1,60,"2通道CAN/CAN-FD卡，DB9接口。
CAN 通讯波特率在 40Kbps~1Mbps 之间任意可编程；
CANFD 波特率在 1Mbps~5Mbps 之间任意可编程；
单通道发送最高数据流量：40 帧/秒（远程帧、单帧发送）；
单通道接收最高数据流量：100 帧/秒（远程帧）；
提供Linux驱动，支持电气隔离，支持ISO/Bosch CANFD标准，支持车载DBC协议收发，支持车载UDS协议诊断，支持CANopen与J1939协议分析，带120Ω终端电阻。",,,,,,,,,,,,,,,,,,,,,,,,,,,,,,,,,,,,,,,,,,,,,,,,,,,,,,,,,,,,,,,,,,,,,1000000,40000,True,2,,5000000,1000000,True,True,,True,,True,True,True,True,远程帧,100,ISO/Bosch CANFD,远程帧、单帧发送,40,,,,DB9,,,,,,,,,,,,,,,,,,,,,,,,,,,,,,,,,,,,,,,,,,,,,,,,,,,,,,,,,,,,,,,,,,,,,,,,,,,,,,,,,,,,,,,,,,,,True,,,,,,,,,,,,,,,,,,,,,,,,,,,,,,,,,,,,,,,,,,,,,,,,,,,,,,,,,,,,,,,,,,,,,,,,,,,,,,,,,,,,,,,,,,,,,,,,,,,,,,,,,,,,,,,,,,,,,,,,,,,,,,,,,,,,,,,,,,,,,,,,,,,,,,,,,,,,,,,,,,,,,,,,,,,,,,,,,,,,,,,,,,,,,,,,,,,,,120,,,,,,,,,,,,,,,,,,,,,,,,,,,,,,,,,
16,Links-IPCe-Profinet,灵思创奇,Profinet接口板卡,通信协议,150,1,150,"支持profinet实时以太网协议
用于各种协议和接口类型的同一应用程序API
设备驱动程序广泛，轻松集成
通过双端口内存（DPM）或直接内存访问，访问数据
通过旋码开关分配唯一的槽号",,,,,,,,,,,,,,,,,,,,,,,,,,,,,,,,,,,,,,,,,,,,,,,,,,,,,,,,,,,,,,,,,,,,,,,,,,,,,,,,,,,,,,,,,,True,,,,,,,,,,,,,,,,,,,,,,,,,,,,,,,,,,,,,,,,,,,,,,,,,,,,,,,,,,,,,,,,,,,,True,,,,,,,,,,,,,,,,,,,,,,,,,,True,,,,,,,,,,,,,,,,,,,,,,,,,,,,,,,,,True,,True,,,,,,,,,,,,,,,,,,,,,,,,,,,,,,,,,,,,,,,,,,,,,,,,,,,,,,,,,,,,,,,,,,,,,,,,,,,,,,,,,,,,,,,,,,,True,,,,,,,,,,,,,,,,,,,,,,,,,,,,,,,,,True,,,,,,,,,,,,,,,,,,,,,,,,,,,,,,,,,,,,,,,,,,,,,,,,,,,,,,,,,,,,,,,,,,,,,,,,
17,Links-IPCe-EtherCat,灵思创奇,EtherCat接口板卡,通信协议,150,1,150,"支持ethercat实时以太网协议
用于各种协议和接口类型的同一应用程序API
设备驱动程序广泛，轻松集成
通过双端口内存（DPM）或直接内存访问，访问数据
通过旋码开关分配唯一的槽号",,,,,,,,,,,,,,,,,,,,,,,,,,,,,,,,,,,,,,,,,,,,,,,,,,,,,,,,,,,,,,,,,,,,,,,,,,,,,,,,,,,,,,,,,,True,,,,,,,,,,,,,,,,,,,,,,,,,,,,,,,,,,,,,,,,,,,,,,,,,,,,,,,,,,,,,,,,,,,,True,,,,,,,,,,,,,,,,,,,,,,,,,,True,,,,,,,,,,,,,,,,,,,,,,,,,,,,True,,,,,,,True,,,,,,,,,,,,,,,,,,,,,,,,,,,,,,,,,,,,,,,,,,,,,,,,,,,,,,,,,,,,,,,,,,,,,,,,,,,,,,,,,,,,,,,,,,,,,,,,,,,,,,,,,,,,,,,,,,,,,,,,,,,,True,,,,,,,,,,,,,,,,,,,,,,,,,,,,,,,,,,,,,,,,,,,,,,,,,,,,,,,,,,,,,,,,,,,,,,,,
18,Links-IPCe-DeviceNet,灵思创奇,DeviceNet接口板卡,通信协议,150,1,150,"支持DeviceNet实时以太网协议
用于各种协议和接口类型的同一应用程序API
设备驱动程序广泛，轻松集成
通过双端口内存（DPM）或直接内存访问，访问数据
通过旋码开关分配唯一的槽号",,,,,,,,,,,,,,,,,,,,,,,,,,,,,,,,,,,,,,,,,,,,,,,,,,,,,,,,,,,,,,,,,,,,,,,,,,,,,,,,,,,,,,,,,,True,,,,,,,,,,,,,,,,,,,,,,,,,,,,,,,,,True,,,,,,,,,,,,,,,,,,,,,,,,,,,,,,,,,,,True,,,,,,,,,,,,,,,,,,,,,,,,,,True,,,,,,,,,,,,,,,,,,,,,,,,,,,,,,,,,True,,True,,,,,,,,,,,,,,,,,,,,,,,,,,,,,,,,,,,,,,,,,,,,,,,,,,,,,,,,,,,,,,,,,,,,,,,,,,,,,,,,,,,,,,,,,,,,,,,,,,,,,,,,,,,,,,,,,,,,,,,,,,,,True,,,,,,,,,,,,,,,,,,,,,,,,,,,,,,,,,,,,,,,,,,,,,,,,,,,,,,,,,,,,,,,,,,,,,,,,
19,Links-IPCe-SENT（合作生产，灵思负责逻辑）,灵思创奇,Sent通讯板卡,通信协议,210,1,210,"通道数：40通道
电平标准：TTL / 5V COMS
输出驱动能力：±10mA
输出高电平范围：5V±0.5V
输出低电平范围：-0.2V～0.8V
输入高电平范围：3.5V～5.5V
输出低电平范围：-0.2V～1.2V
输出模式下，输出阻抗约为50欧姆
输入输出方向每通道独立设置",,,,,,,,,,,,,,,,,,,,,,,,,,,,,,,,,,,,,,,,,,,,,,,,,,,,,,,,,,,,,,,,,,,,,,,,,,,,,,,,,,,,,,,,,,,,,,,,,,,,,,,,,,,,,,,,,,,,,,,,,,,,,,,,,,,,,,,,,,,,5.5,3.5,1.2,-0.2,,,,,,,True,,,,,,"TTL, 5V CMOS",40,,,,,10,,,,,,,,50,50,50,,,,,5.5,4.5,0.8,-0.2,,,,,,,,,,,,,,,,,,,,,,,,,,,,,,,,,,,,,,,,,,,,,,,,,,,,,,,,,,,,,,,,,,,,,,,,,,,,,,,,,,,,,,,,,,,,,,,,,,,,,,,,,,,,,,,,,,,,,,,,,,,,,,,,,,,,,,,,,,,,,,,,,,,,,,,,,,,,,,,,,,,,,,,,,,,,,,,,,,,,,,,,,,,,,,,,,,,,,,,,,,,,,,,,,,,,,,,,,,,,,,,,,,,,,,,,,,,
20,Links-IPC-1553-2MA-ZK,灵思创奇,1553B接口板卡,通信协议,680,1,680,3U CPCI总线，双通道（双冗余）多功能MIL-STD-1553， BC&31RT&BM三种工作模式可同时工作,,,,,,,,,,,,,,,,,,,,,,,,,,,,,,,,,,,,,,,,,,,,,,,,,,,,,,,,,,,,,,,,,,,,,,,,,,,,,,,,,,,,,,,,,,,,,,,,,,,,,,,,,,,,,,,,,,,,,,,,,,,,,,,,,,,,,,,,,,,,,,,,,,,,,,,,,,,,,,,,,,,,,,,,,,,,,,,,,,,,,,,,,,,,,,,,,,,,,,,,,,,,,,,,,,,,,,,,,,,,3U cPCI,,,,,,,,,,,,,,,,,,,,,,,,,,,,,,,,,,,,,,,,,,,,,,,,,,,,,,,,2,,True,True,"{""BC"",""RT"",""BM""}",True,31,,,,,,,,,,,,,,,,,,,,,,,,,,,,,,,,,,,,,,,,,,,,,,,,,,,,,,,,,,,,,,,,,,,,,,,,,,,,,,,,,,,,,,,,,,,,,,,,,,,,,,,,,,,,,,,,,,,,,,,,,,,,,,,,,,,,,
21,Links-IPCe-Profibus-DP,灵思创奇,Profibus-DP接口板卡,通信协议,150,1,150,"支持profibus实时以太网协议
用于各种协议和接口类型的同一应用程序API
设备驱动程序广泛，轻松集成
通过双端口内存（DPM）或直接内存访问，访问数据
通过旋码开关分配唯一的槽号",,,,,,,,,,,,,,,,,,,,,,,,,,,,,,,,,,,,,,,,,,,,,,,,,,,,,,,,,,,,,,,,,,,,,,,,,,,,,,,,,,,,,,,,,,True,,,,,,,,,,,,,,,,,,,,,,,,,,,,,,,,,,,,,,,,,,,,,,,,,,,,,,,,,,,,,,,,,,,,True,,,,,,,,,,,,,,,,,,,,,,,,,,True,,,,,,,,,,,,,,,,,,,,,,,,,,,,,,,,,True,,True,,,,,,,,,,,,,,,,,,,,,,,,,,,,,,,,,,,,,,,,,,,,,,,,,,,,,,,,,,,,,,,,,,,,,,,,,,,,,,,,,,,,,,,,,,True,,,,,,,,,,,,,,,,,,,,,,,,,,,,,,,,,,True,,,,,,,,,,,,,,,,,,,,,,,,,,,,,,,,,,,,,,,,,,,,,,,,,,,,,,,,,,,,,,,,,,,,,,,,
22,Links-IPC-DI128,灵思创奇,开关量输入板卡,数字量,150,1,150,"128 个隔离数字输入通道，每个通道都有中断处理能力；
宽输入范围 （5~ 25 VDC）
高静电保护 （2，0 VDC）
手动跳线切换模式",,,,,,,,,,,,,,,,,,,,,,,,,,,,,,,,,,,,,,,,,,,,,,,,,,,,,,,,,,,,,,,,,,,,,,,,,,,,,,,,,,,,,,,,,,,,True,,,,,,,,,,,,,,,,,,,,,,,,,,,,,,,,128,,,,,,,,,,,,,,2000.0,,,,,,25.0,5.0,,,,,,,,True,True,,,128,,,,,,,,,,,,,,,,,,,,,,,,,,,,,,,,,,,,,,,,,,,,,,,,,,,,,,,,,,,,,,,,,,,,,,,,,,,,,,,,,,,,,,,,,,,,,,,,,,,,,,,,,,,,,,,,,,,,,,,,,,,,,,,,,,,,,,,,,,,,,,,,,,,,,,,,,,,,,,,,,,,,,,,,,,,,,,,,,,,,,,,,,,,,,,,,,,,,,,,,,,,,,,,,,,,,,,,,,,,,,,,,,,,,,,,,,,,,,,,,,,,,,,,,,,,,,,,,,,
23,Links-IPC-DO128,灵思创奇,开关量输出板卡,数字量,150,1,150,"128 个隔离数字输出通道；
输出通道上的高压隔离 （2，0 VDC）
宽输出范围 （5 ~ 40 VDC）
隔离输出通道的高灌电流（每个通道最大 90 mA）
热系统复位后保留的数字输出值
手动跳线切换模式",,,,,,,,,,,,,,,,,,,,,,,,,,,,,,,,,,,,,,,,,,,,,,,,,,,,,,,,,,,,,,,,,,,,,,,,,,,,,,,,,,,,,,,,,,,,True,,,,,,,,,,,,,,,,,,,,,,,,,,,,,,,,,,,,,,,,,,,,,,,,,,,,,,,,,,,,,,,,,128,,128,,,,,,True,2000,,,,,,,,,True,90,,,,,40.0,5.0,,,,,,,,,,,,,,,,,,,,,,,,,,,,,,,,,,,,,,,,,,,,,,,,,,,,,,,,,,,,,,,,,,,,,,,,,,,,,,,,,,,,,,,,,,,,,,,,,,,,,,,,,,,,,,,,,,,,,,,,,,,,,,,,,,,,,,,,,,,,,,,,,,,,,,,,,,,,,,,,,,,,,,,,,,,,,,,,,,,,,,,,,,,,,,,,,,,,,,,,,,,,,,,,,,,,,,,,,,,,,,,,,,,,,,,,,
24,Links-IPC-DIO64,灵思创奇,开关量板卡,数字量,150,1,150,"64个隔离数字DIO通道，每个通道都有中断处理能力；
宽输入范围 （5~ 25 VDC）
高静电保护 （2，0 VDC）
手动跳线切换模式",,,,,,,,,,,,,,,,,,,,,,,,,,,,,,,,,,,,,,,,,,,,,,,,,,,,,,,,,,,,,,,,,,,,,,,,,,,,,,,,,,,,,,,,,,,,True,,,,,,,,,,,,,,,,,,,,,,,,,,,,,,,,,,,,,,,,,,,,,,,,,,,,25.0,5.0,,,,,,,,True,,,,64,,,,,,,,,,,,,,,,,,,,,,,,,,,,,,,,,,,,,,,,,,,,,,,,,,,,,,,,,,,,,,,,,,,,,,,,,,,,,,,,,,,,,,,,,,,,,,,,,,,,,,,,,,,,,,,,,,,,,,,,,,,,,,,,,,,,,,,,,,,,,,,,,,,,,,,,,,,,,,,,,,,,,,,,,,,,,,,,,,,,,,,,,,,,,,,,,,,,,,,,,,,,,,,,,,,,,,,,,,,,,,,,,,,,,,,,,2.0,,,,,,,,,,,,,,,,,,,,,,,,,
25,Links-PCI-RFM-01,灵思创奇,PCI接口反射内存板卡,共享/反射内存,220,1,220,"PCI接口，256M内存, 16K FIFOs, 多模接口，实时系统驱动",,,,,,,,,,,,,,,,,,,,,,,,,,,,,,,,,,,,,,,,,,,,,,,,,,,,,,,,,,,,,,,,,,"{""PCI""}",,,,,,,,,,,,,,,,,,,,,,,,,,,,,,,,,,,,,,,,,,,,,,,,,,,,,,,,,,,,,,,,,,,,,,,,,,,,,,,,,,,,,,,,,,,,,,,,,,,,,,,,,,,,,,,,,,,,,,,,True,,,,,,,,,,,,,,,,,,,,,,,,,,,,,,,,,,,,,,,,,,,,,,,,,,,,,,,,,,,,,,,,,,,,,,,,,,,,,,,,,,,,,,,,,,,,,,,,,,,,,,,,,,,,,,,,,,,,,,,,,,,,,,,,,,,,,,,,,,,,,,,,,,,,,,,,多模,,16384,268435456,,,,,,,,,,,,,,,,,,,,,,,,,,,,,,,,,,,,,,,,,,,,,,,,,,,,,,,,,,,,,,,,,,,,,,,,,,
26,Links-PCIE-RFM-04,灵思创奇,PCI-E接口反射内存板卡,共享/反射内存,230,1,230,"PCI-E接口，256M内存, 16K FIFOs, 多模接口，实时系统驱动",,,,,,,,,,,,,,,,,,,,,,,,,,,,,,,,,,,,,,,,,,,,,,,,,,,,,,,,,,,,,,,,,,"{""PCIe""}",,,,,,,,,,,,,,,,,,,,,,,,,,,,,,,,,,,,,,,,,,,,,,,,,,,,,,,,,,,,,,,,,,,,,,,,,,,,,,,,,,,,,,,,,,,,,,,,,,,,,,,,,,,,,,,,,,,,,,,,True,,,,,,,,,,,,,,,,,,,,,,,,,,,,,,,,,,,,,,,,,,,,,,,,,,,,,,,,,,,,,,,,,,,,,,,,,,,,,,,,,,,,,,,,,,,,,,,,,,,,,,,,,,,,,,,,,,,,,,,,,,,,,,,,,,,,,,,,,,,,,,,,,,,,,,,,多模,,16384,268435456,,,,,,,,,,,,,,,,,,,,,,,,,,,,,,,,,,,,,,,,,,,,,,,,,,,,,,,,,,,,,,,,,,,,,,,,,,
27,Links-PCI-RFM-02,灵思创奇,PCI接口反射内存板卡,共享/反射内存,220,1,220,PCI接口，256MB SDRAM ，多模反射内存板卡。,,,,,,,,,,,,,,,,,,,,,,,,,,,,,,,,,,,,,,,,,,,,,,,,,,,,,,,,,,,,,,,,,,"{""PCI""}",,,,,,,,,,,,,,,,,,,,,,,,,,,,,,,,,,,,,,,,,,,,,,,,,,,,,,,,,,,,,,,,,,,,,,,,,,,,,,,,,,,,,,,,,,,,,,,,,,,,,,,,,,,,,,,,,,,,,,,,,,,,,,,,,,,,,,,,,,,,,,,,,,,,,,,,,,,,,,,,,,,,,,,,,,,,,,,,,,,,,,,,,,,,,,,,,,,,,,,,,,,,,,,,,,,,,,,,,,,,,,,,,,,,,,,,,,,,,,,,,,,,,,,,,,,,,,,,,,,,,,,,,,,,,,,,多模,,,268435456,,,,,,,,,,,,,,,,,,,,,,,,,,,,,,,,,,,,,,,,,,,,,,,,,,,,,,,,,,,,,,,,,,,,,,,,,,
28,Links-PCIE-RFM-05,灵思创奇,PCI-E接口反射内存板卡,共享/反射内存,230,1,230,PCI-E接口，256MB SDRAM ，多模反射内存板卡。,,,,,,,,,,,,,,,,,,,,,,,,,,,,,,,,,,,,,,,,,,,,,,,,,,,,,,,,,,,,,,,,,,"{""PCIe""}",,,,,,,,,,,,,,,,,,,,,,,,,,,,,,,,,,,,,,,,,,,,,,,,,,,,,,,,,,,,,,,,,,,,,,,,,,,,,,,,,,,,,,,,,,,,,,,,,,,,,,,,,,,,,,,,,,,,,,,,,,,,,,,,,,,,,,,,,,,,,,,,,,,,,,,,,,,,,,,,,,,,,,,,,,,,,,,,,,,,,,,,,,,,,,,,,,,,,,,,,,,,,,,,,,,,,,,,,,,,,,,,,,,,,,,,,,,,,,,,,,,,,,,,,,,,,,,,,,,,,,,,,,,,,,,,多模,,,268435456,,,,,,,,,,,,,,,,,,,,,,,,,,,,,,,,,,,,,,,,,,,,,,,,,,,,,,,,,,,,,,,,,,,,,,,,,,
29,Links-IPC-GTS-01,灵思创奇,4轴运动控制板卡,多功能采集,120,1,120,"1）4路单端模拟量输出，16位分辨率，±10 V，刷新周期125us；
2）4路差分脉冲输出；
3）4路单端模拟量输入，12位分辨率，±10 V，采样周期125us；
4）4路编码器正交脉冲输入；
5）4路驱动使能及复位通道。",,,,,,,,,,,,,,4,,,,,,,,,,,,,,,,,,,,,,,10.0,-10.0,,,,,12,,,,,125.0,,,,,,,,,,,,,,,,,,,,,,,,,,,,,,,,,,,,,,,,,,,,,,,,,,,,,,,,,,4,,,,,,,,,10.0,-10.0,,16,,,125.0,,,,,,,,,,,,,,,,,,,,,,,,,,,,,,,,,,,,,,,,,,,,,,,,,,,,,,,,,,,,,,,,,,,,,,,,,,,,,,4,,,,,,,,,,,,,,,,,,,,,,,,,,,,,,,,,,,,,,,,,,,,,,,,,,,,,,,,,,,,,,,,,,,,,,,,,,,,,,,,,,,,,4,4,差分,,,,,,,,,,,,,,,,,,,,,,,,,,,,,,,,,,,,,,,,,,,,,,,,,,,,,,,,,,,,,,,,,,,,,,,,,,,,,,,,,,,,,,,,,,,,,,,,,,,,,,,,,,,,,,,,,,,,,,,,,,,,,,,,,
30,Links-IPC-GTS-02,灵思创奇,8轴运动控制板卡,多功能采集,190,1,190,"1）8路单端模拟量输出，16位分辨率，±10 V，刷新周期125us；
2）8路差分脉冲输出；
3）8路单端模拟量输入，12位分辨率，±10 V，采样周期125us；
4）8路编码器正交脉冲输入；
5）8路驱动使能及复位通道。",,,,,,,,,,,,,,,,,8,,,,,,,,,,,,,,,,,,,,10.0,-10.0,,,,,12,,,,,125.0,,,,,,,,,,,,,,,,,,,,,,,,,,,,,,,,,,,,,,,,,,,,,,,,,,,,,,,,8,,8,,,,,,,,False,10.0,-10.0,,16,,,125.0,,,,,,,,,,,,,,,,,,,,,,,,,,,,,,,,,,,,,,,,,,,,,,,,,,,,,,,,,,,,,,,,,,,,,,,,,,,,,,8,,,,,,,,,,,,,,,,,,,,,,,,,,,,,,,,,,,,,,,,,,,,,,,,,,,,,,,,,,,,,,,,,,,,,,,,,,,,,,,,,,,,,8,8,差分,,,,,,,,,,,,,,,,,,,,,,,,,,,,,,,,,,,,,,,,,,,,,,,,,,,,,,,,,,,,,,,,,,,,,,,,,,,,,,,,,,,,,,,,,,,,,,,,,,,,,,,,,,,,,,,,,,,,,,,,,,,,,,,,,
31,Links-IPC-GigE,灵思创奇,以太网卡接口板卡,通信协议,50,1,50,"4个RJ-45 10/100/10BASE-T接口,Intel® 82576EB千兆以太网控制器，PCI-E X1接口",,,,,,,,,,,,,,,,,,,,,,,,,,,,,,,,,,,,,,,,,,,,,,,,,,,,,,,,,,,,,,,,,,"{""PCIe""}",,,,,,,,,,,,,,,,,,,,,,,,,,,,,,,,,,,,,,,,,,,,,,,,,,,,,,,,,,,,,,,,,,,,,,,,,,,,,,,,,,,,,,,,,,,,,,,,,,,,,,,,,,,,,,,,,,,,,,,,,,,,,,,,,,,,,,,,,,,,,,,,,,,Intel® 82576EB,,4,RJ45,,"{""10"",""100"",""1000""}",,PCIe x1,,,,,,,,,,,,,,,,,,,,,,,,,,,,,,,,,,,,,,,,,,,,,,,,,,,,,,,,,,,,,,,,,,,,,,,,,,,,,,,,,,,,,,,,,,,,,,,,,,,,,,,,,,,,,,,,,,,,,,,,,,,,,,,,,,,,,,,,,,,,,,,,,,,,,,,,,,,,,,,,,,,,,,,,,,,,,,,,,,,,,,,,,,,,,,,,,,,
32,Links-IPCe-SPI-SSI,灵思创奇,SPI&SSI总线板卡,通信协议,380,1,380,"PCIe x2总线板卡
2通道SPI主通讯
2通道SPI从通讯
2通道SSI主通讯
2通道SPI从通讯
所有接口均为差分模式和单端模式
差分模式：采用5V RS422电平规格
单端模式：采用5V CMOS电平规格
用户接口与PCIe总线隔离",,,,,,,,,,,,,,,,,,,,,,,,,,,,,,,,,,,,,,,,,,,,,,,,,,,,,,,,,,,,,,,,,,PCIe,,,,,,,,,,,,,,,,,,,,,,,,,,,,,,,,,,,,,,,,,,,,,,,,,,,,,,,,,,,,,,,,,,,,,,,,,,,,,,,,,,,,,,,,,,,,,,,,,,,,,,,,,,,,,,,,,,,,,,,,,,,,,,,,,,,,,,,,,,,,,,,,,,,,,,,,,,,,,,,,,,,,,,,,,,,,,,,,,,,,,,,,,,,,,,,,,,,,,,,,,,,,,,,,,,,,,,,,,,,,,,,,,,,,,,,,,,,,,,,,,,,,,,,,,,,,,,,,,,,,,,,,,,,,,,,,,,,,,,,,,,,,,,,,,,,,,,5V RS422,5V CMOS,,2,2,True,True,,,,,,,,5V RS422,5V CMOS,2,,,2,True,True,,,,,,,,,,,,,,,,,True,,,,,,,,,,,,,,,,,
33,Links-IPCe-FPGA-02,灵思创奇,可编程FPGA仿真板卡,图形化编程FPGA,750,1,750,"PCIE接口，板载4路光纤接口，可扩展外围高速IO模块；核心FPGA逻辑部分的主要参数如下：
- 逻辑单元 Logic Cells：1143K；
- Flip-Flop：1045K；
- Block RAM：36Mb；
- GTY 28Gb/s X 24，GTH 16Gb/s X 32收发器及 100G Ethernet。",,,,,,,,,,,,,,,,,,,,,,,,,,,,,,,,,,,,,,,,,,,,,,,,,,,,,,,,,,,,,,,,,,"{""PCIe""}",,,,,,,,,,,,,,,,,,,,,,,,,,,,,,,,,,,,,,,,,,,,,,,,,,,,,,,,,,,,,,,,,,,,,,,,,,,,,,,,,,,,,,,,,,,,,,,,,,,,,,,,,,,,,,,,,,,,,,,,,,,,,,,,,,,,,,,,,,,,,,,,,,,,,,,,,,,36,4,,1045000,True,1143000,,,,,,,,,,,,,,True,32,16,,24,28,,,,,,,,,,,,,,,,,,,,,,,,,,,,,,,,,,,,,,,,,,,,,,,,,,,,,,,,,,,,,,,,,,,,,,,,,,,,,,,,,,,,,,,,,,,,,,,,,,,,,,,,,,,,,,,,,,,,,,,,,,,,,,,,,,,,,,,,,,,,,,,,,,,,,,,,,,,,,,,,,,,,,,,,,,
34,Links-IPCe-FPGA-03,灵思创奇,可编程FPGA仿真板卡,图形化编程FPGA,0,1,0,"PCIEx8接口，板载4路SFP光纤接口，可扩展外围高速IO模块；核心FPGA逻辑部分的主要参数如下：
*逻辑单元 Logic Cells：444K；
*查找表 LUTs: 277400；
*触发器(flip-flops):554,800；
*乘法器 18x25MACCs：2020；
*Block RAM：26.5Mb；
*16 路高速 GTX 收发器，支持 PCIE Gen2x8；
   PS 系统部分的主要参数如下：
*基于 ARM 双核 CortexA9 的应用处理器，ARM-v7 架构 高达 800MHz；
*每个 CPU 32KB 1 级指令和数据缓存，512KB 2 级缓存 2 个 CPU 共享；
*片上 boot ROM 和 256KB 片内 RAM；
*外部存储接口，支持 16/32 bit DDR2、DDR3 接口。",,,,,,,,,,,,,,,,,,,,,,,,,,,,,,,,,,,,,,,,,,,,,,,,,,,,,,,,,,,,,,,,,,PCIe,,,,,,,,,,,,,,,,,,,,,,,,,,,,,,,,,,,,,,,,,,,,,,,,,,,,,,,,,,,,,,,,,,,,,,,,,,,,,,,,,,,,,,,,,,,,,,,,,,,,,,,,,,,,,,,,,,,,,,,,,,,,,,,,,,,,,,,,,,,,,,,,,,,,,,,,,,PCIEx8,26.5,4,SFP,554800,True,444000,277400,18x25 MACCs,2020,ARM-v7,2,Cortex-A9,800000000,32,"DDR2, DDR3",32,512,True,256,False,,,16,,,,,,,,,,,,,,,,,,,,,,,,,,,,,,,,,,,,,,,,,,,,,,,,,,,,,,,,,,,,,,,,,,,,,,,,,,,,,,,,,,,,,,,,,,,,,,,,,,,,,,,,,,,,,,,,,,,,,,,,,,,,,,,,,,,,,,,,,,,,,,,,,,,,,,,,,,,,,,,,,,,,,,,,,,,,
35,Links-FPGA-Analog-01,灵思创奇,FPGA配套高速DA/AD板卡,FPGA配套IO卡,260,1,260,"1) 24通道DA输出，16位，1Msps，输出电压范围-10V～+10V
2) 16通道AD采集，16位，1Msps，输入范围-10V～+10V
3) 光口通讯实现DA、AD控制
（适配AX7202开发板）",,,,,,,,,,,,,,,,,,16,,,,,,,,,,,,,,,,,,,10.0,-10.0,,,,,16,,,,,,1000000,,,,,,,,,,,,,,,,,,,,,,,,,,,,,,,,,,,,,,,,,,适配AX7202开发板,,,,,,,,,,,,,,,24,,,,,,,,,10.0,-10.0,,16,,,,1000000,,,,,,,,,,,,,,,,,,,,,,,,,,,,,,,,,,,,,,,,,,,,,,,,,,,,,,,,,,,,,,,,,,,,,,,,,,,,,,,,,,,,,,,,,,,,,,,,,,,,,,,,,,,,,,,,,,,,,,,,,,,,,,,,,,,,,,,,,,,,,,,,,,,,,,,,,,,,,,,,,,,,,,,,,,,,,,,,,,,,,,,,,,,,,,,,,,,,,,,,,,,,,,,,,,,,,,,,,,,,,,,,,,,,,,,,,,,,,,,,,,,,,,,,,,,,,,,,,,,,,,,,,,,,,,,,,,,,,,,,,,,,,,,,,,,,,
36,Links-FPGA-DIO-01,灵思创奇,FPGA配套高速DIO板卡,FPGA配套IO卡,30,1,30,"1) PCIe x1标准安卡结构（不取电，不连接信号）
2) 32通道高速直出数字IO输出，支持5V和3.3V跳线选择；
3) 8通道一组，整组方向可设
4) 1路以太网口转接输出
（适配Links-IPCe-FPGA-03）",,,,,,,,,,,,,,,,,,,,,,,,,,,,,,,,,,,,,,,,,,,,,,,,,,,,,,,,,,,,,,,,,,"{""PCIe""}",,,,,,,,,,,,,,,,,,,,,,,,,Links-IPCe-FPGA-03,True,,,,,,,,,,,,,,,,,,,,,,,,,,,,,,,,,,,,,,,,,,,,,,,,,,,,,,,,,,False,,8,,,,"{""5V TTL"",""3.3V CMOS""}",32,,32,,,,,,,,,,,,,,,,,,,,,,,,,,,,,,,,,,,,,,,,,,,,,,,,,,,,,,,1,1,,,,,安卡,,,,,,,,,,,,,,,,,,,,,,,,,,,,,,,,,,,,,,,,,,,,,,,,,,,,,,,,,,,,,,,,,,,,,,,,,False,,,,,,,,,,,,,,,,,,,,,,,,,,,,,,,,,,,,,,,,,,,,,,,,,,,,,,,,,,,,,False,,,,,,,,,,,,,,,,,,,,,,,,,,,,,,,,,,,,,,,,,,,,,,,,,,,,,,,,,,,,,
37,Links-FPGA-DIO-02,灵思创奇,FPGA配套高速DIO板卡,FPGA配套IO卡,40,1,40,"1)FMC接口；
2)16 通道 5V·CMOS 输出接口；
3)16 通道 5V·CMOS 输入接口；
4)4通道5V·RS422输出接口；
5)4通道5V·RS422输入接口；
6)对外接口SCSI68孔型连接器。
（适配Links-IPCe-FPGA-02）",,,,,,,,,,,,,,,,,,,,,,,,,,,,,,,,,,,,,,,,,,,,,,,,,,,,,,,,,,,,,,,,,,,,,,,,,,,,,,,,,,,,,,,,,,,,,SCSI68孔型连接器,,,,,,,,,,,,,,,,,,,,,,,,,,,,,,,16,,,,,,,,,,,,,,,,,,,,,,,,,,,,,,,,5V CMOS,32,,16,,,,,,,,,,,,,,,,,,,,,,,,,,,,,,,,,,,,,,,,,,,,,,,,,,,,,,,,,,,,,,,,,,,,,,,,,,,,,,,,,,,,,,,,,,,,,,,,,,,,,,,,,,,,,,,,,,,,,,,,,,,,,,,,,,,,,,,,,,,,,,,,,,,,,,,,,,,,,,,,,,,,,,,,,,,,,,,,,,,,,,,,,,,,,,,,,,,,,,,,,,,,,,,,,,,,,,,,,,,,,,,,,,,4,4,,,,,,RS-422,,,,,,,,,,,,,,,,,,,,,,
111,Links-C3U-PPS-8,灵思创奇,秒脉冲板卡,时间与同步,280,1,280,"3U cPCI板卡
8通道秒脉冲输入
8通道秒脉冲输出
板载温补晶振频率：40MHz
晶振稳定性：±100ppb
支持单端模式和差分模式
输出通道可参考内部板载时钟，也可参照外部输入通道时钟
输出通道支持倍频（相对于输入通道或周期配置参数）
单端模式：5V CMOS电平，兼容5V TTL
差分模式：5V RS422电平规格",,,,,,,,,,,,,,10,,,,,,,,,,,,,,,,,,,,,,,,,,,,,12,,,,,,,,,,,,,,,,,,,,,,,"{""PXI""}",,,,,,,,,,,,,,,,,,,,,,,,,,,,,,,,,,,,,,,,,,,,,,,,,,,,,,,,,,,,,,,,,,,,,,,,,,,,,,,,,,,,,,,,,,,,,,,,,,,,,,,,,,,,,,,,,,,,,,,,True,,,,,,,,,,,,,,,,,,,,,,,,,,,,,,,,,,,,,,,,,,,,,,,,,,,,,,,,,,,,,,,,,,,,,,,,,,,,,,,,,,,,,,,,,,,,,,,,,,,,,,,,,,,,,,,,,,,,,,,,,,,,,,,,,,,,,,,,,,,,,,,,,,,,,,,,,,,,,,,,,,,4000,0,,,,,,,,,,,,,,,,,,,,,,,,,,,,,,,,,,,,,,,,,,,,,,,,,,,,,,,,,,,,,,,,,
38,Links-C3U-RTD01,灵思创奇,RTD电阻输出板卡,可编程电阻,250,1,250,PXI接口，10通道，12位分辨率，0Ω to 4kΩ，提供实时系统驱动,,,,,,,,,,,,,,8,,,,,,,,,,,,,,,,,,,,,,,10.0,-10.0,,,True,,16,,,,,,100000,,,,,,,,,,,,,,,,,,,,,,,,,,,,,,,,,,,,,,,,,,,,,32,True,True,2,,,,,,,,,4,,,,,,,,,10.0,-10.0,,16,,,,,,8,,,,,,,,,,,,,,,,,,,,,,,,True,,,,,,,,"{""5V CMOS"",""5V TTL""}",2,,8,,,,,,,,,,,,,,,,,,,,,,,,,,,,,,,,32,,,,6,,,True,2,,,,,,,,,,,,,,,,,,,,,,,,,,,,,,,,,,,,,,,,,,,,,,,,,,,,,,,,,,,,,,,,,,,,,,,,,,,,,,,,,,,,,,,,,,,,,,,2,200,5,,,,,,,,,,,,,,,,True,True,True,1000000,10,,12,,,,,,,,,,,,,,,,,,,,,,,,,,,,,,,,,,,,,,,,,,,,,,,,,,,,,,,,,,,,,,,,,,,,,,,,,,,,,,,,,,,,,,,,,,,,,,,,,
39,Links-C3U-DAQ-01,灵思创奇,电机控制卡（DA通道已经调整为4路）板卡,多功能采集,250,1,250,"12路PWM输出通道，每路可独立控制，10Hz~1MHz，可以两路一组构成互补输出关系（死区可设置）；
2路增量式正交编码器采集通道，32位计数器，可直接输出角度和角速度；
6路差分信号输入通道，可配置为霍尔编码器采集；
8路并行A/D，16位分辨率，±10V，采样率100kHz；
4路DA，16位分辨率，±10V；
8路DI，8路DO，TTL电平；
2路5V供电输出，单路最大电流输出200mA；
2路数字I/O线（5V CMOS/TTL），可配置为脉冲采集通道，可采集脉冲频率和占空比，32位计数器。",,,,,,,,,,,,,,,,,,16,,,,,,,,,,,,,,,,,30.0,-30.0,10.0,-10.0,,,True,,16,,,,,,100000.0,,,,,,,,,,,,,,,,,,,,,,,,,,,,,,,,,,,,,,,,,,,,,32,,,16,,,,,,,,,16,True,,,,,,,,10.0,-10.0,,16,,,,100000.0,,32,,,,,,,,,,,,,,,,,,,,,,,True,,True,,True,,,,,"5V CMOS, 5V TTL",32,,32,,,,,,,,,,,,,,,,,,,,,,,,,,,,,,,,,,,,,,,,,,,,,,,,,,,,,,,,,,,,,,,,,,,,,,,,,,,,,,,,,,,,,,,,,,,,,,,,,,,,,,,,,,,,,,,,,,,,,,,,,,,,,,,,,,,,,,,,,,,,,,,,,,,,,,,,,,,,,,,,,,,,,,,,,,,,,,,,,,,,,,,,,,,,,,,,,,,,,,,,,,,,,,,,,,,,,,,,,,,,,,,,,,,,,,,,,,,,,,,,,,,,,,,,,,,,,,,,
40,Links-C3U-DAQ-02,灵思创奇,多功能板卡,多功能采集,250,1,250,"16路A/D并行采集，16位分辨率，±10 V（可客制-30V～+30V），采样率100kHz；
16路D/A并行输出，16位分辨率，±10 V，数据更新率100KHz；
32路数字I/O线（5V CMOS/TTL），可软件配置为DI、DO、计数器输入/输出，PWM输入/输出，16个32位计数器。",,,,,,,,,,,,,,,,,,,,,,,,,,,,,,,,,,,,,,,,,,,,,,,,,,,,,,,,,,,,,,,,,,"{""cPCI"",""PCI"",""PCIe"",""PXIe""}",,,,,,,,,,,,,,,,,,,,,,,,,,,,,,,,,,,,,,16,2,18,,,,20.0,-20.0,,,,10.0,-10.0,,,,,,1000000.0,,32,,,,,,,,,,,,,,,,,,,,,,,,,,,True,8,,,,,32,,32,,,,,,,,,,,,,,,,,,,,,,,,,,,,,,,,,,,,,,,,,,,,,,,,,,,,,,,,,,,,,,,,,,,,,,,,,,,,,,,,,,,,,,,,,,,,,,,,,,,,,,,,,,,,,,,,,,,,,,,,,,,,,,,,,,,,,,,,,,,,,,,,,,,,,,,,,,,,,,,,,,,,,,,,,,,,,,,,,,,,,,,,,,,,,,,,,,,,,,,,,,,,,,,,,,,,,,,,,,,,,,,,,,,,,,,,,,,,,,,,,,,,,,,,,,,,,,,,
41,Links-C3U-DAQ-03,灵思创奇,多功能I/O板卡,多功能采集,240,1,240,"1)cPCI/PCI/PCIe/PXIe总线板卡
2)16通道模拟电压输出@1Msps
3)2通道模拟电压和电流输出@10Ksps
4)模拟量电压输出范围：-10V～+10V，模拟量电流输出范围：-20mA～+20mA
5)32通道DI/DO功能
6）DI/DO每8通道1组，整组方向可设",,,,,,,,0.1,,,,,0.1,,,,,16,8,,,470,,,True,True,100,-100,20,-20,,40000,10000000,,30,-30,10,-10,,,True,,16,,,,,,200000,,,,,,,,,,,,,,,,,,,,,,,,,,,,,,,,,,,,,,,,,,,,,,,,,,,,,,,,,,,,,,,,,,,,,,,,,,,,,,,,,,,,,,,,,,,,,,,,,,,,,,,,,,,,,,,,,,,,,,,,,,,,,,,,,,,,,,,,,,,,,,,,,,,,,,,,,,,,,,,,,,,,,,,,,,,,,,,,,,,,,,,,,,,,,,,,,,,,,,,,,,,,,,,,,,,,,,,,,,,,,,,,,,,,,,,,,,,,,,,,,,,,,,,,,,,,,,,,,,,,,,,,,,,,,,,,,,,,,,,,,,,,,,,,,,,,,,,,,,,,,,,,,,,,,,,,,,,,,,,,,,,,,,,,,,,,,,,,,,,,,,,,,,,,,,,,,,,,,,,,,,,,,,
42,Links-C3U-AI-02,灵思创奇,同步模拟量采集板卡,模拟量,150,1,150,"16通道并行模拟量采集，16位分辨率
每8通道一组，整组支持配置为电压采集或电流采集（物理拨码控制）
电压采集：精度0.1%（F.S.），范围-10V～+10V（可客制-30V～+30V），，电压10v默认配置10M欧姆输入阻抗，电压30v或者更高，输入阻抗40k
采样率：200kHz
电流采集：精度0.1%（F.S.），范围-20mA～+20mA（可客制-100mA～+100mA），阻抗默认470Ω",,,,,,,,0.2,,,,,0.2,,,,,32,8,,,470,,,True,True,100,-100,20,-20,,40000,10000000,,30,-30,10,-10,,,True,,16,,,,,,200000,,,,,,,,,,,,,,,,,,,,,,,,,,,,,,,,,,,,,,,,,,,,,,,,,,,,,,,,,,,,,,,,,,,,,,,,,,,,,,,,,,,,,,,,,,,,,,,,,,,,,,,,,,,,,,,,,,,,,,,,,,,,,,,,,,,,,,,,,,,,,,,,,,,,,,,,,,,,,,,,,,,,,,,,,,,,,,,,,,,,,,,,,,,,,,,,,,,,,,,,,,,,,,,,,,,,,,,,,,,,,,,,,,,,,,,,,,,,,,,,,,,,,,,,,,,,,,,,,,,,,,,,,,,,,,,,,,,,,,,,,,,,,,,,,,,,,,,,,,,,,,,,,,,,,,,,,,,,,,,,,,,,,,,,,,,,,,,,,,,,,,,,,,,,,,,,,,,,,,,,,,,,,,
43,Links-C3U-AI-03,灵思创奇,同步模拟量采集板卡,模拟量,180,1,180,"32通道并行模拟量采集，16位分辨率
每8通道一组，整组支持配置为电压采集或电流采集（物理拨码控制）
电压采集：精度0.2%（F.S.），范围-10V～+10V（可客制-30V～+30V），电压10v默认配置10M欧姆输入阻抗，电压30v或者更高，输入阻抗40k
采样率：200kHz
电流采集：精度0.2%（F.S.），范围-20mA～+20mA（可客制-100mA～+100mA），阻抗默认470Ω",,,,,,,,0.2,,,,,0.2,,,,,32,8,,,470.0,,,True,True,100.0,-100.0,20.0,-20.0,,40000.0,10000000.0,,30.0,-30.0,10.0,-10.0,,,True,True,16,,,,,,,,,,,,,,,,,,,,,,,,,,,,,,,,,,,,,,,,,,,,,,,,,,,,,,,,,,,,,,,,,,,,,,,,,,,,,,,,,,,,,,,,,,,,,,,,,,,,,,,,,,,,,,,,,,,,,,,,,,,,,,,,,,,,,,,,,,,,,,,,,,,,,,,,,,,,,,,,,,,,,,,,,,,,,,,,,,,,,,,,,,,,,,,,,,,,,,,,,,,,,,,,,,,,,,,,,,,,,,,,,,,,,,,,,,,,,,,,,,,,,,,,,,,,,,,,,,,,,,,,,,,,,,,,,,,,,,,,,,,,,,,,,,,,,,,,,,,,,,,,,,,,,,,,,,,,,,,,,,,,,,,,,,,,,,,,,,,,,,,,,,,,,,,,,,,,,,,,,,,,,,,,,,,,
44,Links-C3U-AI-04,灵思创奇,同步模拟量采集板卡,模拟量,250,1,250,"32通道静态并行模拟量采集，16位分辨率
每8通道一组，整组支持配置为电压采集或电流采集（物理拨码控制）
电压采集：精度0.2%（F.S.），范围-10V～+10V（可客制-30V～+30V），，电压10v默认配置10M欧姆输入阻抗，电压30v或者更高，输入阻抗40k
电流采集：精度0.2%（F.S.），范围-20mA～+20mA（可客制-100mA～+100mA）阻抗默认470Ω",,,,,,,,,0.5,0.01,2.0,0.01,,8,,,,,,DC,,,,,,,,,,,,,,差分,,,,,±0.05V、±0.1V、±1V、±10V,,,,24,,,,,,10000.0,,,,,,,,,,,,,,,,,,,,,,,,,,,,,,,,,,,,,,,,,,,,,,,,,,,,,,,,,,,,,,,,,,,,,,,,,,,,,,,,,,,,,,,,,,,,,,,,,,,,,,,,,,,,,,,,,,,,,,,,,,,,,,,,,,,,,,,,,,,,,,,,,,,,,,,,,,,,,,,,,,,,,,,,,,,,,,,,,,,,,,,,,,,,,,,,,,,,,,,,,,,,,,,,,,,,,,,,,,,,,,,,,,,,,,,,,,,,,,,,,,,,,,,,,,,,,,,,,,,,,,,,,,,,,,,,,,,,,,,,,,,,,,,,,,,,,,,,,,,,,,,,,,,,,,,,,,,,,,,,,,,,,,,,,,,,,,,,,,,,,,,,,,,,,,,,,,,,,,,,,,,,,,
45,Links-C3U-AI-05,灵思创奇,高精度模拟量采集板卡,模拟量,400,1,400,"通道数：8
耦合方式：直流
输入模式：差分
最高采样率：10kSa/s
分辨率：24bits
输入量程：±0.05V、±0.1V、±1V、±10V
直流精度：1V及以上：±0.01%+0.5mV
                    1V以下：  ±0.01%+2uV",,,,,,,,,,,,,,,,,,,,,,,,,,,,,,,,,,,,,,,,,,,,,,,,,,,,,,,,,,,,,,,,,,,,,,,,,,,,,,,,,,,,,,,,,,,,,,,,,,,,,,0.1,0.2,,8,8,,,,20.0,0.0,,True,,10.0,-10.0,,16,1.4,0.5,,,,,,,,,,,,,,,,,,,,,,,,,,,,,,,,,,,,,,,,,,,,,,,,,,,,,,,,,,,,,,,,,,,,,,,,,,,,,,,,,,,,,,,,,,,,,,,,,,,,,,,,,,,,,,,,,,,,,,,,,,,,,,,,,,,,,,,,,,,,,,,,,,,,,,,,,,,,,,,,,,,,,,,,,,,,,,,,,,,,,,,,,,,,,,,,,,,,,,,,,,,,,,,,,,,,,,,,,,,,,,,,,,,,,,,,,,,,,,,,,,,,,,,,,,,,,,,,,,,,,,,,,,,,,,,,,,,,,,,,,,,,,,,,,,,,,,,
46,Links-C3U-AO-01,灵思创奇,模拟量输出板卡,模拟量,120,1,120,"8通道电压或电流输出（物理拨码控制）
16位D/A分辨率
电压输出范围：+10V～-10V
电流输出范围：0～20mA
电流输出精度0.1%（F.S.）
电压输出精度0.2%（F.S.）
电压输出压摆率0.5V/uS
电流输出压摆率1.4mA/uS",,,,,,,,,,,,,,,,,,,,,,,,,,,,,,,,,,,,,,,,,,,,,,,,,,,,,,,,,,,,,,,,,,,,,,,,,,,,,,,,,,,,,,,,,,,,,,,,,,,,,,0.05,0.1,,,16,,,,20.0,0.0,,True,,10.0,-10.0,,16,,,,,,,,,,,,,,,,,,,,,,,,,,,,,,,,,,,,,,,,,,,,,,,,,,,,,,,,,,,,,,,,,,,,,,,,,,,,,,,,,,,,,,,,,,,,,,,,,,,,,,,,,,,,,,,,,,,,,,,,,,,,,,,,,,,,,,,,,,,,,,,,,,,,,,,,,,,,,,,,,,,,,,,,,,,,,,,,,,,,,,,,,,,,,,,,,,,,,,,,,,,,,,,,,,,,,,,,,,,,,,,,,,,,,,,,,,,,,,,,,,,,,,,,,,,,,,,,,,,,,,,,,,,,,,,,,,,,,,,,,,,,,,,,,,,,,,,,,
47,Links-C3U-AO-03,灵思创奇,模拟量输出板卡,模拟量,180,1,180,"16通道电压或电流输出（物理拨码控制）
16位D/A分辨率
电压输出范围：-10V～+10V
电流输出范围：0～+20mA
电流输出精度0.05%（F.S.）
电压输出精度0.1%（F.S.）",,,,,,,,,,,,,,,,,,,,,,,,,,,,,,,,,,,,,,,,,,,,,,,,,,,,,,,,,,,,,,,,,,,,,,,,,,,,,,,,,,,,,,,,,,,,,,,,,,,,,,0.05,,,,16,,,True,20,0,True,,,,,,16,,,,,,,,,,,,,,,,,,,,,,,,,,,,,,,,,,,,,,,,,,,,,,,,,,,,,,,,,,,,,,,,,,,,,,,,,,,,,,,,,,,,,,,,,,,,,,,,,,,,,,,,,,,,,,,,,,,,,,,,,,,,,,,,,,,,,,,,,,,,,,,,,,,,,,,,,,,,,,,,,,,,,,,,,,,,,,,,,,,,,,,,,,,,,,,,,,,,,,,,,,,,,,,,,,,,,,,,,,,,,,,,,,,,,,,,,,,,,,,,,,,,,,,,,,,,,,,,,,,,,,,,,,,,,,,,,,,,,,,,,,,,,,,,,,,,,,,,,
48,Links-C3U-AO-04,灵思创奇,模拟量输出板卡,模拟量,250,1,250,"16通道电流输出
输出端与cPCI背板电源系统隔离
16位D/A分辨率
单极电流输出范围：0～20mA
电流输出精度0.05%（F.S.）",,,,,,,,,,,,,,,,,,,,,,,,,,,,,,,,,,,,,,,,,,,,,,,,,,,,,,,,,,,,,,,,,,,,,,,,,,,,,,,,,,,,,,,,,,,,,,,,,,,,,,0.05,0.1,,,16,,,,20,0,,,True,10.0,-10.0,,16,,,,,,,,,,,,,,,,,,,,,,,,,,,,,,,,,True,8,,,,"5V CMOS, 5V TTL",16,,,,,,,,,,,,,,,,,,,,,,,,,,,,,,,,,,,,,,,,,,,,,,,,,,,,,,,,,,,,,,,,,,,,,,,,,,,,,,,,,,,,,,,,,,,,,,,,,,,,,,,,,,,,,,,,,,,,,,,,,,,,,,,,,,,,,,,,,,,,,,,,,,,,,,,,,,,,,,,,,,,,,,,,,,,,,,,,,,,,,,,,,,,,,,,,,,,,,,,,,,,,,,,,,,,,,,,,,,,,,,,,,,,,,,,,,,,,,,,,,,,,,,,,,,,,,,,,,,
49,Links-C3U-AO-05,灵思创奇,模拟量输出板卡,模拟量,250,1,250,"16通道电压或电流输出（软件可配）
16通道数字量输入/输出（软件可配）
每8通道数字量一组，方向整组设置
5V CMOS电平，兼容5V TTL电平
16位D/A分辨率
电压输出范围：-10V～+10V
电流输出范围：0～+20mA
电流输出精度0.05%（F.S.）
电压输出精度0.1%（F.S.）",,,,,,,,,,,,,,,,,,,,,,,,,,,,,,,,,,,,,,,,,,,,,,,,,,,,,,,,,,,,,,,,,,,,,,,,,,,,,,,,,,,,,,,,,,,,,,,,,,,,,,,,,,,,,,,,,,,,,,,,,,,,32,,,,28.0,0.0,100000,120000,"{""V/OPEN"",""V/GND"",""GND/OPEN""}",,,,,,40.0,True,,,,,,,True,,,,,,,,,,,32,,,,,,,,,,,,,,,,,,,,,,,,,,,,,,,,,,,,,,,,,,,,,,,,,,,,,,,,,,,,,,,,,,,,,,,,,,,,,,,,,,,,,,,,,,,,,,,,,,,,,,,,,,,,,,,,,,,,,,,,,,,,,,,,,,,,,,,,,,,,,,,,,,,,,,,,,,,,,,,,,,,,,,,,,,,,,,,,,,,,,,,,,,,,,,,,,,,,,,,,,,,,,,,,,,,,,,,,,,,,,,,,,,,,,,,,,,,,,,,,,,,,,,,,,,,,,,,,,,
50,Links-C3U-DI01,灵思创奇,离散量输入板卡,数字量,110,1,110,"32通道数字量采集
每通道V/OPEN、V/GND和GND/OPEN模式输入可选
输入支持5V或定制电平信号（需外置电源，0～28V）
V/GND模式下输入对地阻抗不小于100KΩ
GND/OPEN模式下输入对电源阻抗不小于120KΩ
输入端口具有过压保护，40V@1min",,,,,,,,,,,,,,,,,,,,,,,,,,,,,,,,,,,,,,,,,,,,,,,,,,,,,,,,,,,,,,,,,,,,,,,,,,,,,,,,,,,,,,,,,,,,,,,,,,,,,,,,,,,,,,,,,,,,,,,,,,,,,,,,,,,,,,,,,,,,,,,,,,,,,,,,,,,,,,,32,,,,28,0,,,,,120,200000,50,200000,"{""V/OPEN"",""V/GND"",""GND/OPEN""}",True,,,,,,,,,True,,,,,,,,,,,,,,,,,,,,,,,,,,,,,,,,,,,,,,,,,,,,,,,,,,,,,,,,,,,,,,,,,,,,,,,,,,,,,,,,,,,,,,,,,,,,,,,,,,,,,,,,,,,,,,,,,,,,,,,,,,,,,,,,,,,,,,,,,,,,,,,,,,,,,,,,,,,,,,,,,,,,,,,,,,,,,,,,,,,,,,,,,,,,,,,,,,,,,,,,,,,,,,,,,,,,,,,,,,,,,,,,,,,,,,,,
51,Links-C3U-DO01,灵思创奇,离散量输出板卡,数字量,110,1,110,"32通道数字量输出
每通道V/OPEN、V/GND和GND/OPEN模式可选
输出支持5V或定制电平信号（需外置电源，0～28V）
V/OPEN模式下，OPEN状态下对电源阻抗≥200KΩ
V/GND模式，输出阻抗为50±10Ω
GND/OPEN模式下，OPEN状态下对地阻抗≥200KΩ，GND状态下对地阻抗≤120Ω",,,,,,,,,,,,,,,,,,,,,,,,,,,,,,,,,,,,,,,,,,,,,,,,,,,,,,,,,,,,,,,,,,,,,,,,,,,,,,,,,,,,,,,,,,,,,,,,,,,,,,,,,,,,,,,,,,,,,,,,,,,,,,,,,,,,,,,,,,,,,,,,,,,,,,,,,,,,,,,,,,,,,,,,,,,,,,,,,,,,,,,,,,,,,,,,,,,,,,,,,,,,,,,,,,,,,,,,,,,,,,,,,,,,,,,,,,,,,,,,,,,,,,,,,,,,,,,,,,,,,,,,,,,,,,,,,,,,,,,,,,,,,,,,,,,,,,1,1500,5,,,,,,,,,,,,,,,,,,,,,,,,,,,,,,,,,,,8,32,200,48,True,FORM 1C,,,,,,,,,,,,,,,,,,,,,,,,,,,,,,,,,,,,,,,,,,,,,,,,,,,,,,,,,,,,,,,,,,,,,,,,,,,,,,,
52,Links-C3U-DO03,灵思创奇,"开关量输出卡
（继电器型）板卡",数字量,150,1,150,"32通道继电器输出
继电器类型：FORM 1C
每通道提供常开、常闭和公共点
继电器抖动时间：≤8ms
通道最大载流：200mA
通道最大电压：48V DC
1通道5V隔离电源输出，最大输出电流1.5A",,,,,,,,,,,,,,,,,,,,,,,,,,,,,,,,,,,,,,,,,,,,,,,,,,,,,,,,,,,,,,,,,,,,,,,,,,,,,,,,,,,,,,,,,,,,,,,,,,,,,,,,,,,,,,,,,,,,,,,,,,,,32,,,,,,,,,,,,,,,,,,,,,,,,,True,,,,,,,"5V CMOS, 5V TTL",64,,32,,,,,,,,,,,,,,,,,,,,,,,,,,,,,,,,,,,,,,,,8,,,,,,,,,,,,,,,,,,,,,,,,,,,,,,,,,,,,,,,,,,,,,,,,,,,,,,,,,,,,,,,,,,,,,,,,,,,,,,,,,,,,,,,,,,,,,,,,,,,,,,,,,,,,,,,,,,,,,,8,8,,,,,,,,,,,,,,,,,,,,,,,,,,,,,,,,,,,,,,,,,,,,,,,,,,,,,,,,,,,,,,,,,,,,,,,,,,,,,,,,,,,,,,,,,,,,,,,,,
66,Links-C3U-Counter02,灵思创奇,计数器/PWM板卡,数字量,180,1,180,"16通道计数器采集、PWM采集与PWM输出板卡
信号电气特性：5V CMOS电平（兼容5V TTL）
计数功能最大支持16Mhz信号输入
板载40Mhz时钟作为计时基准
支持信号边沿中断，包含上升沿或下降沿
每通道包含：1个32位计数器寄存器、1个32位高边计时寄存器和1个32位低边计时寄存器",,,,,,,,,,,,,,,,,,,,,,,,,,,,,,,,,,,,,,,,,,,,,,,,,,,,,,,,,,,,,,,,,,,,,,,,,,,,,,,,,,,,,,,,,,,,,,,,,,,,,,,,,,,,,,,,,,,,,,,,,,,,,,,,,,,,,,,,,,,,,,,,,,,,,,,,,,,,,,,,,,,,,,,,,,,,,,,,,,,,,,,,,,,,,,,,,,,,,,,,,,,,,,,,,,,,,,,,,,,,,,,,,,,,,,,,,,,,,,,,,,,,,,,,,,,,,,,,,,,,,,,,,,,,,,,,,,,,,,,,,,,,,,,,,,,,,,,,,,,,,,,,,,,,,,,,,,,,,,,2,True,50.0,20.0,,100.0,10.0,True,True,26.0,16,,,,,,,,,,,,,,,,,,,,,,,,,,,,,,,,,,,,,,,,,,,,,,,,,,,,,,,,,,,,,,,,,,,,,,,,,,,,,,,,,,,,,,
53,Links-C3U-DIO02,灵思创奇,开关量接口板卡,数字量,190,1,190,"32通道数字量输入
32通道数字量输出
5V CMOS电平，兼容5V TTL
输入通道中，8通道支持PWM采集
输入通道中，支持8通道增量编码器采集
输出通道中，8通道支持PWM输出",,,,,,,,,,,,,,,,,,,,,,,,,,,,,,,,,,,,,,,,,,,,,,,,,,,,,,,,,,,,,,,,,,PCI/cPCI/PXIe,,,,,,,,,,,,,,,,,,,,,,,,,,,,,,,,,,,,,,,,,,,,,,,,,,,,,,,,,,96,10000000.0,0.0,True,,,,,"电源/电源断, 电源地/电源地断, 电源/电源地",,,,,60.0,,,36.0,18.0,1.0,-1.0,,,,,,,True,,,,,,,96,,,,,,,,,,,,,,,,,,,,,,,,,,,,,,,,,,,,,,,,,,,,,,,,,,,,,,,,,,,,,,,,,,,,,,,,,,,,,,,,,,,,,,,,,,,,,,,,,,,,,,,,,,,,,,,,,,,,,,,,,,,,,,,,,,,,,,,,,,,,,,,,,,,,,,,,,,,,,,,,,,,,,,,,,,,,,,,,,,,,,,,,,,,,,,,,,,,,,,,,,,,,,,,,,,,,,,,,,,,,,,,,,,,,,,,,,,,,,,,,,,,,,,,,,,,,,,,,,,
54,Links-C3U-RDC/SDC,灵思创奇,旋变/自整角机采集板卡,LVDT/RVDT/同步旋转变压器,290,1,290,"16位分辨率
2通道RDC（旋变采集）或2通道SDC（自整角机采集）
2通道20V（p-p）双极性励磁电源，驱动能力50mA
RDC/SDC输入信号范围26V（RMS）
RDC/SDC输入频率和励磁输出频率为100Hz～10Hz
输入信号支持差分和单端
支持粗精机组合",,,,,,,,,,,,,,,,,,,,,,,,,,,,,,,,,,,,,,,,,,,,,,,,,,,,,,,,,,,,,,,,,,,,,,,,,,,,,,,,,,,,,,,,,,,,,,,,,,,,,,,,,,,,,,,,,,,,,,,,,,,,,,,,,,,,,,,,,,,,,,,,,,,,,,,,,,,,,96,,96,100,True,,,,,,60.0,10.0,,,,,"{""电源/电源断"",""电源地/电源地断""}",,,,,,,,,,,,,,,,,,,,,,,,,,,,,,,,,,,,,,,,,,,,,,,PCI/cPCI/PXIe,,,,,,,,,,,,,,,,,,,,,,,,,,,,,,,,,,,,,,,,,,,,,,,,,,,,,,,,,,,,,,,,,,,,,,,,,,,,,,,,,,,,,,,,,,,,,,,,,,,,,,,,,,,,,,,,,,,,,,,,,,,,,,,,,,,,,,,,,,,,,,,,,,,,,,,,,,,,,,,,,,,,,,,,,,,,,,,,,,,,,,,,,,,,,,,,,,,
55,Links-C3U-DI04,灵思创奇,离散量输入板卡,数字量,210,1,210,"PCI/cPCI/PXIe标准板卡；
可实现电源/电源断、电源/电源地、电源地/电源地断三种状态的检测；
检测电平范围：高电平+18V~+36V，低电平-1V~+1V；
96 通道离散量输入；
通道数：96；
逻辑门限：高电平+18V~+36V，低电平-1V~+1V；
最大输入电平范围：±60V；
通道特性：每通道可单独设置为电源/电源断、电源地/电源地断或电源/电源地输入；
可编程数字滤波器：滤波频率为 0Hz~10MHz。",,,,,,,,,,,,,,,,,,,,,,,,,,,,,,,,,,,,,,,,,,,,,,,,,,,,,,,,,,,,,,,,,,"{""PCI"",""PCIe"",""cPCI"",""PXIe""}",,,,,,,,,,,,,,,,,,,,,,,,,,,,,,,,,,,,,,,,,,,,,,,,,,,,,,,,,,48,10000000.0,0.0,True,,,,,"{""电源/电源断"",""电源地/电源地断"",""电源/电源地""}",36.0,18.0,1.0,-1.0,60.0,,,,,,,,,,,,,True,,,,,,,96,,48,100.0,,,,,,,60.0,10.0,,,,,"{""电源/电源断"",""电源地/电源地断""}",,,,,,,,,,,,,,,,,,,,,,,,,,,,,,,,,,,,,,,,,,,,,,,,,,,,,,,,,,,,,,,,,,,,,,,,,,,,,,,,,,,,,,,,,,,,,,,,,,,,,,,,,,,,,,,,,,,,,,,,,,,,,,,,,,,,,,,,,,,,,,,,,,,,,,,,,,,,,,,,,,,,,,,,,,,,,,,,,,,,,,,,,,,,,,,,,,,,,,,,,,,,,,,,,,,,,,,,,,,,,,,,,,,,,,,,,,,,,,,,,,
56,Links-C3U-DO04,灵思创奇,离散量输出板卡,数字量,220,1,220,"PCI/cPCI/PXIe标准板卡；
可实现电源/电源断、电源地/电源地断两种状态的输出；
96 路离散量输出；
通道数：96；
最大负载电压范围：±60V；
导通电阻：10Ω（MAX）；
每通道输出持续电流：100mA（MAX）；
通道特性：每通道可单独设置为电源/电源断或电源地/电源地断输出。",,,,,,,,,,,,,,,,,,,,,,,,,,,,,,,,,,,,,,,,,,,,,,,,,,,,,,,,,,,,,,,,,,,,,,,,,,,,,,,,,,,,,,,,,,,,,SCSI-68 Female（TE-5787082-7）,,,,,,,,,,,,,,,,,,,,,,,,,,,,,,,,,,,,,,,,,,,,,,,,,,,,,,,,,,,8,,,,"5V CMOS, 5V TTL",16,,,,,,,,,,,,,,,,,,,,,,,,,,,,,,,,,2,,,,,,,,,,,,,,"{""8000000"",""4000000"",""2000000"",""1000000""}",2,1位或2位,255,0,32,8,EnDat 2.2,,,,,,,,,,,,,,,,,,,,,,,,,,,,,,,,,,,,,,,,,,,,,,,,,,,,,,,,,,,,,,,,,,,,,,,,,,,,,,,,,,,,,,,,,,,,,,,,,,,,,,,,,,,,,,,,,,,,,,,,,,,,,,,,,,,,,,,,,,,,,,,,,,,,,,,,,,,,,,,,,,,,,,,,,,,,,,,,,,,,,,,,,,,,,,,,,,,,,,,,,,,,
57,Links-C3U-DIO04,灵思创奇,离散量输入/输出板卡,数字量,220,1,220,"PCI/PCIe/cPCI/PXIe标准板卡；
可实现电源/电源断、电源/电源地、电源地/电源地断三种状态的检测；
检测电平范围：高电平+18V~+36V，低电平-1V~+1V；
48 路离散量输入；
通道数：48；
逻辑门限：高电平+18V~+36V，低电平-1V~+1V；
最大输入电平范围：±60V；
通道特性：每通道可单独设置为电源/电源断、电源地/电源地断或电源/电源地输入；
可编程数字滤波器：滤波频率为 0Hz~10MHz；
48 路离散量输出；
通道数：48；
最大负载电压范围：±60V；
导通电阻：10Ω（MAX）；
每通道输出持续电流：100mA（MAX）；
通道特性：每通道可单独设置为电源/电源断或电源地/电源地断输出。",,,,,,,,,,,,,,,,,,,,,,,,,,,,,,,,,,,,,,,,,,,,,,,,,,,,,,,,,,,,,,,,,,,,,,,,,,,,,,,,,,,,,,,,,,,,,,,,,,,,,,,,,,,,,,,,,,,,,,,,,,,,16,,,,,,,,,,,,,,,,,,,,,,,,,,False,,8,,,,"5V CMOS, 5V TTL",16,,16,,,,,,,,,,,,,,,,,,,,,,,,,,,,,,,5,,,,,,,,,,,,,,"{""8000000"",""4000000"",""2000000"",""1000000""}",5,1位或2位,255,0,32,8,EnDat22,,,,,,,,,,,,,,,,,,,,,,,,,,,,,,,,,,,,,,,,,,,,,,,,,,,,,,,,,,,,,,,,,,,,,,,,,,,,,,,,,,,,,,,,,,,,,,,,,,,,,,,,,,,,,,,,,,,,,,,,,,,,,,,,,,,,,,,,,,,,,,,,,,,,,,,,,,,,,,,,,,,,,,,,,,,,,,,,,,,,,,,,,,,,,,,,,,,,,,,,,,,,
58,Links-C3U-Endat-01,灵思创奇,Endat采集板卡,PWM和编码器,180,1,180,"2通道Endat22总线和16通道数字量
Endat22分辨率支持8～32位
Endat22标志位支持1位或2位
Endat22波特率范围：8Mhz、4Mhz、2Mhz和1Mhz
Endat22恢复（Tm）时间设置：0～255uS
16通道数字量电平标准：5V CMOS，兼容5V TTL电平（板卡无上拉/下拉电阻）
16通道数字量方向控制：每8通道一组进行方向设置
板卡接口：SCSI-68 Female（TE-5787082-7）",,,,,,,,,,,,,,,,,,,,,,,,,,,,,,,,,,,,,,,,,,,,,,,,,,,,,,,,,,,,,,,,,,,,,,,,,,,,,,,,,,,,,,,,,,,,,,,,,,,,,,,,,,,,,,,,,,,,,,,,,,,,,,,,,,,,,,,,,,,,,,,,,,,,,,,,,,,,,,,,,,,,,,,,,,,,,,,,,,,,,,,,,,,,,,,,,,,,,,,,,,,,,,,,,,,,,,,,,,,,3U cPCI,,,,,,,,,,,,,,,,,,,,,,,,,,,,,,,,,,,,,,,,,,,,,,,,,,,,,,,,,,,,,,,,,,,,,,,,,,,,,,,,,,,,,,,,,,,,,,,,,,,,,,,,,,,,,,,,,,,,,,,,,,,,,,,,,,,,,,,,,,,,,,,,,,,"{""2000000"",""1000000"",""0"",""250000""}",5,,,,32,8,,,,255,0,,,,,,,,,,,,,,,,,,,,,,,,,,,,,,,,,,,,,
59,Links-C3U-Endat-02,灵思创奇,Endat采集板卡,PWM和编码器,280,1,280,"5通道Endat22总线和16通道数字量
Endat22分辨率支持8～32位
Endat22标志位支持1位或2位
Endat22波特率范围：8Mhz、4Mhz、2Mhz和1Mhz
Endat22恢复（Tm）时间设置：0～255uS
16通道数字量电平标准：5V CMOS，兼容5V TTL电平（板卡无上拉/下拉电阻）
16通道数字量方向控制：每8通道一组进行方向设置",,,,,,,,,,,,,,,,,,,,,,,,,,,,,,,,,,,,,,,,,,,,,,,,,,,,,,,,,,,,,,,,,,,,,,,,,,,,,,,,,,,,,,,,,,,,,,,,,,,,,,,,,,,,,,,,,,,,,,,,,,,,,,,,,,,,,,,,,,,,,,,,,,,,,,,,,,,,,,,,,,,,,,,,,,,,,,,,,,,,,,,,,,,,True,3,5,32,True,40000000,True,,,8000000,,8,"{""RS-422"",""5V CMOS""}",True,True,True,,,,,,,,,,,,,,,,,,,,,,,,,,,,,,,,,,,,,,,,,,,,,,,,,,,,,,,,,,,,,,,,,,,,,,,,,,,,,,,,,,,,,,,,,,,,,,,,,,,,,,,,,,,,,,,,,,,,,,,,,,,,,,,,,,,,,,,,,,,,,,,,,,,,,,,,,,,,,,,,,,,,,,,,,,,,,,,,,,,,,,,,,,,,,,,,,,,,,,,,,,,,,,,,,,,,
60,Links-C3U-SSI-03,灵思创奇,SSI总线采集板卡,PWM和编码器,280,1,280,"1) 3U欧规卡规格，兼容CompactPCI PICMG 2.0 R2.1 规范
2) 5通道SSI总线
3) 数据位宽：8～32位
4) 波特率：2MHz、1MHz、0KHz和250KHz
5) SSI测量间隔：0-255uS",,,,,,,,,,,,,,,,,,,,,,,,,,,,,,,,,,,,,,,,,,,,,,,,,,,,,,,,,,,,,,,,,,,,,,,,,,,,,,,,,,,,,,,,,,,,,,,,,,,,,,,,,,,,,,,,,,,,,,,,,,,,,,,,,,,,,,,,,,,,,,,,,,,,,,,,,,,,,,,,,,,,,,,,,,,,,,,,,,,,,,,,,,,,True,,8,32,True,40000000,True,,True,8000000,,8,"{""RS-422"",""5V CMOS""}",True,True,True,,,,,,,,,,,,,,,,,,,,,,,,,,,,,,,,,,,,,,,,,,,,,,,,,,,,,,,,,,,,,,,,,,,,,,,,,,,,,,,,,,,,,,,,,,,,,,,,,,,,,,,,,,,,,,,,,,,,,,,,,,,,,,,,,,,,,,,,,,,,,,,,,,,,,,,,,,,,,,,,,,,,,,,,,,,,,,,,,,,,,,,,,,,,,,,,,,,,,,,,,,,,,,,,,,,,
61,Links-C3U-ABZ-01,灵思创奇,正交编码信号采集板卡,PWM和编码器,150,1,150,"8通道（3路差分，5路单端）正交编码测量，每通道包含A、B和Z信号
信号电器特性支持RS-422和5V CMOS（兼容5V TTL）电平
最大支持8MHz信号输入
32位正反转计数器
支持初始值装载、Z脉冲初始值自动重装
Z脉冲边沿可设为上升沿、下降沿或双沿检测
支持Z脉冲同步触发中断
A、B采样方式支持上升沿或下降沿
信号支持两档数字去抖；去抖时钟基准为40Mhz
正反转指示",,,,,,,,,,,,,,,,,,,,,,,,,,,,,,,,,,,,,,,,,,,,,,,,,,,,,,,,,,,,,,,,,,,,,,,,,,,,,,,,,,,,,,,,,,,,,,,,,,,,,,,,,,,,,,,,,,,,,,,,,,,,,,,,,,,,,,,,,,,,,,,,,,,,,,,,,,,,,,,,,,,,,,,,,,,,,,,,,,,,,,,,,,,,True,8,,32,True,40000000,True,,True,10000000,,8,"{""RS-422"",""5V CMOS""}",True,True,True,,,,,,,,,,,,,,,,,,,,,,,,,,,,,,,,,,,,,,,,,,,,,,,,,,,,,,,,,,,,,,,,,,,,,,,,,,,,,,,,,,,,,,,,,,,1,800,5,,,,,,,,,,,,,,,,,,,,,,,,,,,,,,,,,,,,,,,,,,,,,,,,,,,,,,,,,,,,,,,,,,,,,,,,,,,,,,,,,,,,,,,,,,,,,,,,,,,,,,,,,,,,,,,,,,,,,,,
62,Links-C3U-ABZ-02,灵思创奇,正交编码信号采集板卡,PWM和编码器,190,1,190,"8通道（单端）正交编码测量，每通道包含A、B和Z信号
信号电器特性支持RS-422和5V CMOS（兼容5V TTL）电平，输入输出信号隔离
最大支持8MHz信号输入
32位正反转计数器
支持初始值装载、Z脉冲初始值自动重装
Z脉冲边沿可设为上升沿、下降沿或双沿检测
支持Z脉冲同步触发中断
A、B采样方式支持上升沿或下降沿
信号支持两档数字去抖；去抖时钟基准为40Mhz
正反转指示",,,,,,,,,,,,,,,,,,,,,,,,,,,,,,,,,,,,,,,,,,,,,,,,,,,,,,,,,,,,,,,,,,,,,,,,,,,,,,,,,,,,,,,,,,,,,,,,,,,,,,,,,,,,,,,,,,,,,,,,,,,,,,,,,,,,,,,,,,,,,,,,,,,,,,,,,,,,,,,,,,,,,,,,,,,,,,,,,,,,,,,,,,,,,,,,,,,,,,,,,,,,,,,,,,,,,,,,,,,,,,,,,,,,,,,,,,,,,,,,,,,,,,,,,,,,,,,,,,,,,,,,,,,,,,,,,,,,,,,,,,,,,,,,,,,,,,,,,,,,,,,,,,,,,,,,,,,,,,,2,,50,20,,100,10,True,True,26,16,,,,,,,,,,,,,,,,,,,,,,,,,,2,True,3000000,True,16,RS-422,,,,,,,,2,True,3000000,16,,,RS-422,,,,,,,,,,,,,,,,,,,,,,,,,,,,,,,,,,,,,,,,,
63,Links-C3U-ABZ-03,灵思创奇,正交编码信号采集板卡,PWM和编码器,190,1,190,"8通道（差分）正交编码测量，每通道包含A、B和Z信号
信号电器特性支持RS-422和5V CMOS（兼容5V TTL）电平，输入输出信号隔离
最大支持10MHz信号输入
32位正反转计数器
支持初始值装载、Z脉冲初始值自动重装
Z脉冲边沿可设为上升沿、下降沿或双沿检测
支持Z脉冲同步触发中断
A、B采样方式支持上升沿或下降沿
信号支持两档数字去抖；去抖时钟基准为40Mhz
1通道5V隔离电源输出，最大输出电流800mA
正反转指示",,,,,,,,,,,,,,,,,,,,,,,,,,,,,,,,,,,,,,,,,,,,,,,,,,,,,,,,,,,,,,,,,,,,,,,,,,,,,,,,,,,,,,,,,,,,,,,,,,,,,,,,,,,,,,,,,,,,,,,,,,,,,,,,,,,,,,,,,,,,,,,,,,,,,,,,,,,,,,,,,,,,,,,,,,,,,,,,,,,,,,,,,,,,,,,,,,,,,,,,,,,,,,,,,,,,,,,,,,,,,,,,,,,,,,,,,,,,,,,,,,,,,,,,,,,,,,,,,,,,,,,,,,,,,,,,,,,,,,,,,,,,,,,,,,,,,,,,,,,,,,,,,,,,,,,,,,,,,,,,,,,,,,,,,,,,,,,,,,,,,,,,,,,,,,,,,,,2,True,3000000,True,16,RS-422,,,,,,,,2,True,3000000,16,,,RS-422,,,,,,,,,,,,,,,,,,,,,,,,,,,,,,,,,,,,,,,,,
64,Links-C3U-AM-01,灵思创奇,多传感器采集板卡,PWM和编码器,550,1,550,"1）2通道SPI总线通道：
   支持CPOL极性设置
   数据宽度：16Bit
   电平规格：RS422
   时钟频率：3MHz或基于3MHz的整数分频
2）2通道SSI总线通道，特性如下：
   数据宽度：16Bit
   电平规格：RS422
   时钟频率：3MHz或基于3MHz的整数分频
3）2通道旋变采集通道，特性如下：
    16位分辨率
    2通道20V（p-p）双极性励磁电源，驱动能力50mA
    RDC输入信号范围26V（RMS）
    RDC输入频率和励磁输出频率为100Hz～10Hz
    输入信号支持差分和单端",,,,,,,,,,,,,,,,,,,,,,,,,,,,,,,,,,,,,,,,,,,,,,,,,,,,,,,,,,,,,,,,,,,,,,,,,,,,,,,,,,,,,,,,,,,,,,,,,16,True,16000000,40000000,3,,,,,,,,,,,,,,,,,,,,,,,,,,,,,,,,,,,,,,,,,,,,,,,,,,,,,,,5V CMOS,,,,,,,,,,,,,,,,,,,,,,,,,,,,,,,,,,,,,,,,,,,,"5V CMOS, 5V TTL",,,,,,,,,,,,,,,,,,,,,,,,,,,,,,,,,,,,,,,,,,,,,,,,,,,,,,,,,,,,,,,,,,,,,,,,,,,,,,,,,,,,,,,,,,,,,,,,,,,,,,,,,,,,,,,,,,,,,16,16,,,,,,,,,,,,,,,,,,,,,,,,,,,,,,,,,,,,,,,,,,,,,,,,,,,,,,,,,,,,,,,,,,,,,,,,,,,,,,,,,,,,,,,,,,,,,,,,,
65,Links-C3U-AM-02,灵思创奇,多传感器采集板卡,PWM和编码器,200,1,200,"1）2通道SPI总线通道：
   支持CPOL极性设置
   数据宽度：16Bit
   电平规格：RS422
   时钟频率：3MHz或基于3MHz的整数分频
2）2通道SSI总线通道，特性如下：
   数据宽度：16Bit
   电平规格：RS422
   时钟频率：3MHz或基于3MHz的整数分频",,,,,,,,,,,,,,,,,,,,,,,,,,,,,,,,,,,,,,,,,,,,,,,,,,,,,,,,,,,,,,,,,,,,,,,,,,,,,,,,,,,,,,,,,,,,,TE-5787082-7,,,,,,,,,,,,,,,,,,,,,,,,,,,,,,,,,,,,,,,,,,,,,,,,,,,,,,,,,,,,,,,,,,,,,,,,,,,,,,,,,,,,,,,,,,,,,,,,,16,,True,,,,True,10000000,,8,5V RS422,,True,,,,,,,,,,,,,,,,,,3U cPCI,,,,,,,,,,,,,,,,,,,,,,,,,,,,,,,,,,,,,,,,,,,,,,,,,,,,,,,,,,,,,,,,,,,,,,,,,,,,,,,,,,,,,,,,,,,,,,,,,,,,,,,,,,,,,,,,,,,,,,,,,,,,,,,,,,,,,,,,,,,,,,,,,,,,,,,,,,,,,,,,,,,,,,,,,,,,,,,,,,,,,,,,,,,,,,,,,,,
67,Links-C3U-MC08/16,灵思创奇,"差分脉冲采集卡
（型号应该是cPCI-21D85）板卡",PWM和编码器,280,1,200,"3U cPCI总线板卡
8/16通道转速采集接口
每通道包含转速和转向输入信号
输入接口最贷款10MHz
支持转速脉冲定时中断功能
支持转速脉冲整数中断功能
隔离输入
电平规格：5V RS422电平
输出接口：TE-5787082-7",,,,,,,,,,,,,,,,,,,,,,,,,,,,,,,,,,,,,,,,,,,,,,,,,,,,,,,,,,,,,,,,,,,,,,,,,,,,,,,,,,,,,,,,,,,,,,,,,,,,,,,,,,,,,,,,,,,,,,,,,,,,,,,,,,,,,,,,,,,,,,,,,,,,,,,,,,,,,,,,,,,,,,,,,,,,,,,,,,,,,,,,,,,,,,,,,,,,,,,,,,,,,,,,,,,,,,,,,,,,,,,,,,,,,,,,,,,,,,,,,,,,,,,,,,,,,,,,,,,,,,,,,,,,,,,,,,,,,,,,,,,,,,,,,,,,,,,,,,,,,,,,,,,,,,,,,,,,,,,2,True,50.0,20.0,400.0,10000.0,10.0,True,True,26.0,16,,,,,,,,,,,,,,,,,,,,,,,,,,,,,,,,,,,,,,,,,,,,,,,,,,,,,,,,,,,,,,,,,,,,,,,,,,,,,,,,,,,,,,
68,Links-C3U-RDC/SDC,灵思创奇,旋变/自整角机采集板卡,LVDT/RVDT/同步旋转变压器,290,1,290,"16位分辨率
2通道RDC（旋变采集）或2通道SDC（自整角机采集）
2通道20V（p-p）双极性励磁电源，驱动能力50mA
RDC/SDC输入信号范围26V（RMS）
RDC/SDC输入频率和励磁输出频率为100Hz～10Hz
默认RDC/SDC输入频率和励磁输出频率为400Hz
cPCI/PCI-22A01（-400）：400Hz励磁频率
cPCI/PCI-22A01-2K：20Hz励磁应用，无励磁输出
cPCI/PCI-22A01S：客制应用，无励磁输出
输入信号支持差分和单端
支持粗精机组合",,,,,,,,,,,,,,,,,,,,,,,,,,,,,,,,,,,,,,,,,,,,,,,,,,,,,,,,,,,,,,,,,,,,,,,,,,,,,,,,,,,,,,,,,,,CompactPCI PICMG 2.0 R2.1,,,,,,,,,,,,,,,,,,,,,,,,,,,,,,,,,,,,,,,,,,,,,,,,,,,,,,,,,,,,,,,,,,,,,,,,,,,,,,,,,,,,,,,,,,,,,,,True,True,,,,,,,,,,,,,,,,,,,,,,,,,,,,,,,,,3U cPCI,,,,,,,,,,,,,,,,,,,,,,,,,,,,,,,,,,,,,,,,,,,,,,,,,,,,,,,,,,,,,,,,,,,,,,,,,,,,,,,,,,,,,,,,,,,,,,,,,,,,,,,,,,,,,,2,,,,,,,,,,,,,,,,,,,,,,,,,,,,,,,,,,,,,,,,,,,,,,,,,,,,,,,,,,,,,,,,,,,,,,,,,,,,,,,,,,,,,
69,Links-C3U-DSC,灵思创奇,"旋变/自整角机模拟卡
（已完成开发，cPCI-22A07）板卡",LVDT/RVDT/同步旋转变压器,450,1,450,"3U欧规卡规格，兼容CompactPCI PICMG 2.0 R2.1 规范
2通道旋变模拟。
提供实时系统、Windows驱动",,,,,,,,,,,,,,,,,,,,,,,,,,,,,,,,,,,,,,,,,,,,,,,,,,,,,,,,,,,,,,,,,,"{""cPCI"",""PCI"",""PCIe"",""PXIe""}",,,,,,,,,,,,,,,,,,,,,,,,,,,,,,,,,,,,,,,,,,,,,,,,,,,,,,,,,,,,,,,,,,,,,,,,,,,,,,,,,,,,,,,,,,,,,,,,,,,,,,,,,,,,,,,,,,,,,,,,,,,,,,,,,,,,,,,,,,,,,,,,,,,,,,,,,,,,,,,,,,,,,,,,,,,,,,,,,,,,,,,,,,,,,,,,,8.0,2,,,,5.0,,10.0,1.0,True,True,100.0,50.0,True,10.0,,,,,,,,,,,,,,,,,,,,,,,,,,,,,,,,,,,,,,,,,,,,,,2,,,,,,,,,,,,,,,,,,,,,,,,,,,,,,,,,,,,,,,,,,,,,,,,,,,,,,,,,,,,,,,,,,,,,,,,,,,,,,,,,,,,,,,,,,,,,,,,
70,Links-C3U-LVDT/RVDT-01-2,灵思创奇,LVDT/RVDT模拟板卡,LVDT/RVDT/同步旋转变压器,300,1,300,"1)cPCI/PCI/PCIe/PXIe总线板卡
2)2路支持RDC/RVDT/LVDT
3)精度不低于±8′@RDC MODE
4)参考电压10V/客制电平（通过不同输入接口实现）
5)参考频率50Hz～100Hz可选(自适应)
6)输出信号电压1V～10V可选
7)输出信号输出阻抗：最大5Ω",,,,,,,,,,,,,,,,,,,,,,,,,,,,,,,,,,,,,,,,,,,,,,,,,,,,,,,,,,,,,,,,,,"{""cPCI"",""PCI"",""PCIe"",""PXIe""}",,,,,,,,,,,,,,,,,,,,,,,,,,,,,,,,,,,,,,,,,,,,,,,,,,,,,,,,,,,,,,,,,,,,,,,,,,,,,,,,,,,,,,,,,,,,,,,,,,,,,,,,,,,,,,,,,,,,,,,,,,,,,,,,,,,,,,,,,,,,,,,,,,,,,,,,,,,,,,,,,,,,,,,,,,,,,,,,,,,,,,,,,,,,,,,,,8.0,4,,,,5.0,,10.0,1.0,True,True,100.0,50.0,True,10.0,,,,,,,,,,,,,,,,,,,,,,,,,,,,,,,,,,,,,,,,,,,,,,4,,,,,,,,,,,,,,,,,,,,,,,,,,,,,,,,,,,,,,,,,,,,,,,,,,,,,,,,,,,,,,,,,,,,,,,,,,,,,,,,,,,,,,,,,,,,,,,,
71,Links-C3U-LVDT/RVDT-01-4,灵思创奇,LVDT/RVDT模拟板卡,LVDT/RVDT/同步旋转变压器,380,1,380,"1)cPCI/PCI/PCIe/PXIe总线板卡
2)4路支持RDC/RVDT/LVDT
3)精度不低于±8′@RDC MODE
4)参考电压10V/客制电平（通过不同输入接口实现）
5)参考频率50Hz～100Hz可选(自适应)
6)输出信号电压1V～10V可选
7)输出信号输出阻抗：最大5Ω",,,,,,,,,,,,,,,,,,,,,,,,,,,,,,,,,,,,,,,,,,,,,,,,,,,,,,,,,,,,,,,,,,,,,,,,,,,,,,,,,,,,,,,,,,,,,,,,,,,,,,,,,,,,,,,,,,,,,,,,,,,,,,,,,,,,,,,,,,,,,,,,,,,,,,,,,,,,,,,,,,,,,,,,,,,,,,,,,,,,,,,,,,,,,,,,,,,,,,,,,,,,,,,,,,,,,,,,,,,,,,,,,,,,,,,,,,,,,,,,,,,,,,,,,,,,,,,,,,,,8,15000,400,10,,10,,,,,,,,,16,,,,,,,,,,,,,,,,,,,,,,,,,,,,,,,,,,,,,,,,,,,,,,,,,,,,,,,,,,,,,,,,,,,,,,,,,,,,,,,,,,,,,,,,,,,,,,,,,,,,,,,,,,,,,,,,,,,,,,,,,,,,,,,,,,,,,,,,,,,,,
72,Links-C3U-DL03,灵思创奇,"LVDT/RVDT模拟卡
（尚未进入产品序列）板卡",LVDT/RVDT/同步旋转变压器,850,1,850,"8通道模拟
励磁输入频率400～15KHz
励磁信号电压±10Vp-p
输出信号范围±10Vp-p
16位分辨率转换",,,,,,,,,,,,,,,,,,,,,,,,,,,,,,,,,,,,,,,,,,,,,,,,,,,,,,,,,,,,,,,,,,,,,1000000,,,2,16000000,,,,,,True,20,,,,,,,,,,,,,,,,,,,,,,,,,,,,,,,,,,,,,,,,,,,,,,,,,,,,,,,,,,,,,,,,,,,,,,,,,,,,,,,,,,,,,,,,,,,,,,,,,,,,,,,,,,,,,,,,,,,,,,,,,,,,,,,,,,,,,,,,,,,,,,,,,,,,,,,,,,,,,,,,,,,,,,,,,,,,,,,,,,,,,,,,,,,,,,,,,,,,,,,,,,,,,,,,,,,,,,,,,,,,,,,,,,,,,,,,,,,,,,,,,,,,,,,,,,,,,,,,,,,,,,,,,,,,,,,,,,,,,,,,,,,,,,,,,,,,,,,,,,,,,,,,,,,,,,,,,,,,,,,,,,,,,,,,,,,,,,,
73,Links-C3U-CAN,灵思创奇,CAN接口板卡,通信协议,80,1,80,CAN总线接口，2个高速通道，16Mhz控制速率， 1Mbps传输率，20V隔离,,,,,,,,,,,,,,,,,,,,,,,,,,,,,,,,,,,,,,,,,,,,,,,,,,,,,,,,,,,,,,,,,,,,,1000000,,,4,16000000,,,,,标准帧/扩展帧,True,10,,,,,,,ISO/Bosch CAN2.0A/B,,,,,,,,,,,,,,,,,,,,,,,,,,,,,,,,,,,,,,,,,,,,,,,,,,,,,,,,,,,,,,,,,,,,,,,,,,,,,,,,,,,,,,,,,,,,,,,,,,,,,,,,,,,,,,,,,,,,,,,,,,,,,,,,,,,,,,,,,,,,,,,,,,,,,,,,,,,,,,,,,,,,,,,,,,,,,,,,,,,,,,,,,,,,,,,,,,,,,,,,,,,,,,,,,,,,,,,,,,,,,,,,,,,,,,,,,,,,,,,,,,,,,,,,,,,,,,,,,,,,,,,,,,,,,,,,,,,,,,,,,,,,,,,,,,,,,,,,,,,,,,,,,,,,,,,,,,,,,,,,,,,,,,,,
74,Links-C3U-CAN-4,灵思创奇,CAN接口板卡,通信协议,150,1,150,CAN总线接口，4个高速通道，16Mhz控制速率， 1Mbps传输率，10V隔离，支持CAN2.0A/B协议,,,,,,,,,,,,,,,,,,,,,,,,,,,,,,,,,,,,,,,,,,,,,,,,,,,,,,,,,,,,,,,,,,,,,1000000,10000,,10,,,,,,"{""标准数据帧"",""标准遥传帧"",""扩展数据帧"",""扩展远程帧""}",,,,,,,,,,,,,,,,,,,,,,,,,,,,,,,,,,,,,,,,,,,,,,,,,,,,,,,,,,,,,,,,,,,,,,,,,,,,,,,,,,,,,,,,,,,,,,,,,,,,,,,,,,,,,,,,,,,,,,,,,,,,,,,,,,,,,,,,,,,,,,,,,,,,,,,,,,,,,,,,,,,,,,,,,,,,,,,,,,,,,,,,,,,,,,,,,,,,,,,,,,,,,,,,,,,,,,,,,,,,,,,,,,,,,,,,,,,,,,,,,,,,,,,,,,,,,,,,,,,,,,,,,,,,,,,,,,,,,,,,,,,,,,,,,,,,,,,,,,,,,,,,,,,,,,,,,,,,,,,,,,,,,,,,,,,,,,,,,
75,Links-C3U-CAN-10,灵思创奇,CAN接口板卡,通信协议,250,1,250,CAN总线接口，10个高速通道，波特率10Kbps~1Mbps，支持CAN通讯的各种帧格式:标准数据帧、标准遥传帧、扩展数据帧、扩展远程帧,,,,,,,,,,,,,,,,,,,,,,,,,,,,,,,,,,,,,,,,,,,,,,,,,,,,,,,,,,,,,,,,,,,,,,,,,,,,,,,,,,,,,,,,,,,,,,,,,,,,,,,,,,,,,,,,,,,,,,,,,,,,,,,,,,,,,,,,,,,,,,,,,,,,,,,,,,,,,,,,,,,,,,,,,,,,,,,,,,,,,,,,,,,,,,,,,,,,,,,,,,,,,,,,,,,,,,,,,,,,3U cPCI,,,,,,,,,,,,,,,,,,,,,,,,,,,,,,,,,,,,,,,,,,,,,,,,,,,,,,,,,,,,,,,,,,,,,,,,,,,,,,,,,,,,,,,,,,,,,,,,,,,,,,,,,,,,,,,,,,,,,,,,,,,,,,,,,,,,,,,,,,,,,,,,,,,,,,,,,,,,,,,,,,,4,,,,,,,,,,"{""RS-232"",""RS-422"",""RS-485""}",,,,,,921600,,,,,,,,,,,,,,,,
76,Links-C3U-SIO01-4,灵思创奇,串口板卡,通信协议,80,1,80,3U CPCI，4路串行通讯接口，支持RS-232/422/485，最高支持921.6Kbps波特率，含连接电缆,,,,,,,,,,,,,,,,,,,,,,,,,,,,,,,,,,,,,,,,,,,,,,,,,,,,,,,,,,,,,,,,,,,,,,,,,,,,,,,,,,,,,,,,,,,,,,,,,,,,,,,,,,,,,,,,,,,,,,,,,,,,,,,,,,,,,,,,,,,,,,,,,,,,,,,,,,,,,,,,,,,,,,,,,,,,,,,,,,,,,,,,,,,,,,,,,,,,,,,,,,,,,,,,,,,,,,,,,,,,3U CPCI,,,,,,,,,,,,,,,,,,,,,,,,,,,,,,,,,,,,,,,,,,,,,,,,,,,,,,,,,,,,,,,,,,,,,,,,,,,,,,,,,,,,,,,,,,,,,,,,,,,,,,,,,,,,,,,,,,,,,,,,,,,,,,,,,,,,,,,,,,,,,,,,,,,,,,,,,,,,,,,,,,,4,,,,,,,,,,"{""RS-232"",""RS-422"",""RS-485""}",,,,,True,,230400,8000000,,800,,,,33554432,,,,2048,,,,
77,Links-C3U-SIO02-4,灵思创奇,串口板卡,通信协议,150,1,150,3U CPCI，4路隔离串行通讯接口，支持RS-232/422/485，RS232最高支持230.4Kbps波特率，RS422/485波特率800~8Mbps，接收FIFO共32M RAM，发送FIFO每通道2K字节,,,,,,,,,,,,,,,,,,,,,,,,,,,,,,,,,,,,,,,,,,,,,,,,,,,,,,,,,,,,,,,,,,,,,,,,,,,,,,,,,,,,,,,,,,,,,,,,,,,,,,,,,,,,,,,,,,,,,,,,,,,,,,,,,,,,,,,,,,,,,,,,,,,,,,,,,,,,,,,,,,,,,,,,,,,,,,,,,,,,,,,,,,,,,,,,,,,,,,,,,,,,,,,,,,,,,,,,,,,,3U cPCI,,,,,,,,,,,,,,,,,,,,,,,,,,,,,,,,,,,,,,,,,,,,,,,,,,,,,,,,,,,,,,,,,,,,,,,,,,,,,,,,,,,,,,,,,,,,,,,,,,,,,,,,,,,,,,,,,,,,,,,,,,,,,,,,,,,,,,,,,,,,,,,,,,,,,,,,,,,,,,,,,,,8,,,,,,,,,,"{""RS-232"",""RS-422"",""RS-485""}",,,,,,,230400,8000000,,800,,,,33554432,,,,2048,,,,
78,Links-C3U-SIO02-8A,灵思创奇,串口板卡,通信协议,180,1,180,3U CPCI，8路隔离串行通讯接口，支持RS-232/422/485，RS232最高支持230.4Kbps波特率，RS422/485波特率800~8Mbps，接收FIFO共32M RAM，发送FIFO每通道2K字节,,,,,,,,,,,,,,,,,,,,,,,,,,,,,,,,,,,,,,,,,,,,,,,,,,,,,,,,,,,,,,,,,,,,,,,,,,,,,,,,,,,,,,,,,,,,,,,,,,,,,,,,,,,,,,,,,,,,,,,,,,,,,,,,,,,,,,,,,,,,,,,,,,,,,,,,,,,,,,,,,,,,,,,,,,,,,,,,,,,,,,,,,,,,,,,,,,,,,,,,,,,,,,,,,,,,,,,,,,,,3U cPCI,,,,,,,,,,,,,,,,,,,,,,,,,,,,,,,,,,,,,,,,,,,,,,,,,,,,,,,,,,,,,,,,,,,,,,,,,,,,,,,,,,,,,,,,,,,,,,,,,,,,,,,,,,,,,,,,,,,,,,,,,,,,,,,,,,,,,,,,,,,,,,,,,,,,,,,,,,,,,,,,,,,16,,,,,,,,,,"{""RS-232"",""RS-422"",""RS-485""}",,,,,,,230400,8000000,,800,,,,33554432,,,,2048,,,,
79,Links-C3U-SIO02-16,灵思创奇,串口板卡,通信协议,450,1,450,3U CPCI，16路隔离串行通讯接口，支持RS-232/422/485，RS232最高支持230.4Kbps波特率，RS422/485波特率800~8Mbps，接收FIFO共32M RAM，发送FIFO每通道2K字节,,,,,,,,,,,,,,,,,,,,,,,,,,,,,,,,,,,,,,,,,,,,,,,,,,,,,,,,,,,,,,,,,,"{""CPCI""}",,,,,,,,,,,,,,,,,,,,,,,,,,,,,,,,,,,,,,,,,,,,,,,,,,,,,,,,,,,,,,,,,,,,,,,,,,,,,,,,,,,,,,,,,,,,,,,,,,,,,,,,,,,,,,,,,,,,,,,,,,,,,,,,,,,,,,,,,,,,,,,,,,,,,,,,,,,,,,,,,,,,,,,,,,,,,,,,,,,,,,,,,,,,,,,,,,,,,,,,,,,,,,,,,,,,,,,,,,,,,,,,,,,,,,,,,,,,,,,,,,,,,,,,,,,,,,,,,,,,,,,,,,,,,,,,,,,,,,,,,,,,,,,,,,,,,,,,,,,,,,,,,,,,,,,,,,,,,4,,,,,,,,,,"{""RS-232"",""RS-422"",""RS-485""}",,,,True,,,115200,2000000,2400,2400,,13,True,33554432,,,,,,,,True
80,Links-C3U-SIO03-4,灵思创奇,串口板卡,通信协议,11400,1,11400,CPCI总线，4通道RS232/422/485通讯接口，RS232波特率2400-115.2Kbps，RS422/485波特率2400-2Mbps，透明接收和协议接收(13种协议)，32M FIFO，通道间完全电气隔离，支持虚拟串口,,,,,,,,,,,,,,,,,,,,,,,,,,,,,,,,,,,,,,,,,,,,,,,,,,,,,,,,,,,,,,,,,,"{""CPCI""}",,,,,,,,,,,,,,,,,,,,,,,,,,,,,,,,,,,,,,,,,,,,,,,,,,,,,,,,,,,,,,,,,,,,,,,,,,,,,,,,,,,,,,,,,,,,,,,,,,,,,,,,,,,,,,,,,,,,,,,,,,,,,,,,,,,,,,,,,,,,,,,,,,,,,,,,,,,,,,,,,,,,,,,,,,,,,,,,,,,,,,,,,,,,,,,,,,,,,,,,,,,,,,,,,,,,,,,,,,,,,,,,,,,,,,,,,,,,,,,,,,,,,,,,,,,,,,,,,,,,,,,,,,,,,,,,,,,,,,,,,,,,,,,,,,,,,,,,,,,,,,,,,,,,,,,,,,,,,8,,,,,,,,,,"{""RS-232"",""RS-422"",""RS-485""}",,,,,,,115200,2000000,2400,2400,,13,True,33554432,,,,,,,,True
81,Links-C3U-SIO03-8A,灵思创奇,串口板卡,通信协议,11800,1,11800,CPCI总线，8通道RS232/422/485通讯接口，RS232波特率2400-115.2Kbps，RS422/485波特率2400-2Mbps，透明接收和协议接收(13种协议)，32M FIFO，支持虚拟串口,,,,,,,,,,,,,,,,,,,,,,,,,,,,,,,,,,,,,,,,,,,,,,,,,,,,,,,,,,,,,,,,,,"{""CPCI""}",,,,,,,,,,,,,,,,,,,,,,,,,,,,,,,,,,,,,,,,,,,,,,,,,,,,,,,,,,,,,,,,,,,,,,,,,,,,,,,,,,,,,,,,,,,,,,,,,,,,,,,,,,,,,,,,,,,,,,,,,,,,,,,,,,,,,,,,,,,,,,,,,,,,,,,,,,,,,,,,,,,,,,,,,,,,,,,,,,,,,,,,,,,,,,,,,,,,,,,,,,,,,,,,,,,,,,,,,,,,,,,,,,,,,,,,,,,,,,,,,,,,,,,,,,,,,,,,,,,,,,,,,,,,,,,,,,,,,,,,,,,,,,,,,,,,,,,,,,,,,,,,,,,,,,,,,,,,,8,,,,,,,,,,"{""RS-232"",""RS-422"",""RS-485""}",,,,True,,,115200,4000000,,2400,,13,True,,,,,,,,,True
82,Links-C3U-SIO03-8B,灵思创奇,串口板卡,通信协议,150,1,150,CPCI总线，8通道异步RS232/422/485通讯接口，RS232波特率2400bps-0Kbps，RS422/485波特率2400bps-4Mbps；透明接收和协议接收(13种协议)，通道间完全电气隔离，支持虚拟串口。,,,,,,,,,,,,,,,,,,,,,,,,,,,,,,,,,,,,,,,,,,,,,,,,,,,,,,,,,,,,,,,,,,"{""CPCI""}",,,,,,,,,,,,,,,,,,,,,,,,,,,,,,,,,,,,,,,,,,,,,,,,,,,,,,,,,,,,,,,,,,,,,,,,,,,,,,,,,,,,,,,,,,,,,,,,,,,,,,,,,,,,,,,,,,,,,,,,,,,,,,,,,,,,,,,,,,,,,,,,,,,,,,,,,,,,,,,,,,,,,,,,,,,,,,,,,,,,,,,,,,,,,,,,,,,,,,,,,,,,,,,,,,,,,,,,,,,,,,,,,,,,,,,,,,,,,,,,,,,,,,,,,,,,,,,,,,,,,,,,,,,,,,,,,,,,,,,,,,,,,,,,,,,,,,,,,,,,,,,,,,,,,,,,,,,,,8,"MAX3232 (RS232), MAX3485 (RS422/485)","{""5"",""6"",""7"",""8""}",,,,,20,,,"{""RS-232"",""RS-422"",""RS-485""}",True,True,True,,,,115200,4000000,,,"{""None"",""Odd"",""Even""}",,,,2048,1,True,1024,,,"{""1"",""2""}",
83,Links-C3U-SIO03-8C,灵思创奇,串口板卡,通信协议,150,1,150," CPCI总线，
1) 8个异步串行（UART）通信通道；
2)  每个通道可设置为232/422/485模式；
3)  RS422/485芯片采用MAX3485，芯片具备±20KV ESD保护，RS232芯片采用MAX3232，芯片具备±15KV ESD保护；
4） 波特率可设置，RS422/485模式下最高支持4Mbps，RS232模式下最高支持115200bps。数据位长度可设置（支持5~8位数据位）。支持无校验、奇校验、偶校验设置，支持1位/2位停止位；
5） 支持中断和查询两种方式读取数据；
6） 接口信号地与机箱内部地电磁隔离；
7)  发送缓存区1024Byte/通道，接收缓存2048Byte/通道；
8） 支持清空特定通道的接收缓存；
9) 接收数据字包含24位时间标签，时间标签单位1ms；
10）接收通道支持数据量中断和超时中断。",,,,,,,,,,,,,,,,,,,,,,,,,,,,,,,,,,,,,,,,,,,,,,,,,,,,,,,,,,,,,,,,,,CPCI,,,,,,,,,,,,,,,,,,,,,,,,,,,,,,,,,,,,,,,,,,,,,,,,,,,,,,,,,,,,,,,,,,,,,,,,,,,,,,,,,,,,,,,,,,,,,,,,,,,,,,,,,,,,,,,,,,,,,,,,,,,,,,,,,,,,,,,,,,,,,,,,,,,,,,,,,,,,,,,,,,,,,,,,,,,,,,,,,,,,,,,,,,,,,,,,,,,,,,,,,,,,,,,,,,,,,,,,,,,,,,,,,,,,,,,,,,,,,,,,,,,,,,,,,,,,,,,,,,,,,,,,,,,,,,,,,,,,,,,,,,,,,,,,,,,,,,,,,,,,,,,,,,,,,,,,,,,,,16,,,,,,,,33554432,,"{""RS-232"",""RS-422"",""RS-485""}",,,True,,,,115200,2000000,2400,2400,,,,,,,,,,,,True
84,Links-C3U-SIO03-16,灵思创奇,串口板卡,通信协议,350,1,350,CPCI总线，16通道RS232/422/485通讯接口，RS232波特率2400-115.2Kbps，RS422/485波特率2400-2Mbps，32M FIFO，整板隔离，支持虚拟串口,,,,,,,,,,,,,,,,,,,,,,,,,,,,,,,,,,,,,,,,,,,,,,,,,,,,,,,,,,,,,,,,,,PXIe,,,,,,,,,,,,,,,,,,,,,,,,,,,SCSI100 Female,,,,,,,,,,,,,,,,,,,,,,,,,,,,,,,,,,,,,,,,,,,,,,,,,,,,,,,,,,,,,,,,,,,,,,,,,,,,,,,,,,,,,,,,,,,,,,,,,,,,,,,,,,,,,,,,,,,,,,,,,,,,,,,,,,,,,,,,,,,,,,,,,,,,,,,,,,,,,,,,,,,,,,,,,,,,,,,,,,,,,,,,,,,,,,,,,,,,,,,,,,,,,,,,,,,,,,,,,,,,,,,,,,,,,,,,,,,,,,,,,,,,,,,,,,,,,,,,,,,,,,,,,,,,,,,,,,,,,,,,,,,,,,,,,,12,AM26C32,,12,12,10000000,True,,,100,,,,,,False,,,,,,,,,,,,,,12,12,,
85,Links-RS422-10M,灵思创奇,高速RS422板卡,通信协议,240,1,240,"12通道串口板卡
 PXIe总线板卡
 提供12通道差分和单端输出@AM26C31
 提供12通道差分和单端输入@AM26C32
 差分通道支持10M bps通过能力
 差分与单端信号可独立控制
 对外接口（输入、输出）与PXIe背板非隔离
 输入接口具有100欧姆端接
 输出接口：SCSI100 Female
 提供离散IO测试工程（不含应用工程）",,,,,,,,,,,,,,,,,,,,,,,,,,,,,,,,,,,,,,,,,,,,,,,,,,,,,,,,,,,,,,,,,,,,,,,,,,,,,,,,,,,,,,,,,,,,,,,,,,,,,,,,,,,,,,,,,,,,,,,,,,,,,,,,,,,,,,,,,,,,,,,,,,,,,,,,,,,,,,,,,,,,,,,,,,,,,,,,,,,,,,,,,,,,,,,,,,,,,,,,,,,,,,,,,,,,,,,,,,,,,,,,,,,,,,,,,,,,,,,,,,,,,,,,,,,,,,,,,,,,,,,,,,,,,,,,,,,,,,,,,,,,,,,,,,,,,,,,,,,,,,,,,,,,,,,,,,,,,,,,,,,,,,,,,,,,,,,,,,,,,,,,,,,,,,,,,2,,,,,,,,,,,,,,,,,,,,,,,,,,,,,,,,,,,,,,,,,,,,,,,,,,,,,,,,,,,,,,
86,Links-C3U-SENT,灵思创奇,SENT接口板卡,通信协议,180,1,180,支持车载SENT总线协议，2通道；,,,,,,,,,,,,,,,,,,,,,,,,,,,,,,,,,,,,,,,,,,,,,,,,,,,,,,,,,,,,,,,,,,,,,,,,,,,,,,,,,,,,,,,,,,,,,,,,,,,,,,,,,,,,,,,,,,,,,,,,,,,,,,,,,,,,,,,,,,,,,,,,,,,,,,,,,,,,,,,,,,,,,,,,,,,,,,,,,,,,,,,,,,,,,,,,,,,,,,,,,,,,,,,,,,,,,,,,,,,,,,,,,,,,,,,,,,,,,,,,,,,,,,,,,,,,,,,,,,,,,,,,,,,,,,,,,,,,,,,,,,,,,,,,,,,,,,,,,,,,,,,,,,,,,,,2,,,,,,,,,,,,,,,,,,,,,,,,,,,,,,,,,,,,,,,,,,,,,,,,,,,,,,,,,,,,,,,,,,,,,,,,,,,,,,,,,,,,,,,,,,,,,,,,,,,,,,,,
87,Links-C3U-PSI5,灵思创奇,PSI5接口板卡,通信协议,250,1,250,支持车载PSI5总线协议，2通道；,,,,,,,,,,,,,,,,,,,,,,,,,,,,,,,,,,,,,,,,,,,,,,,,,,,,,,,,,,,,,,,,,,,,,,,,,,,,,,,,,,,,,,,,,,,,,,,,,,,,,,,,,,,,,,,,,,,,,,,,,,,,,,,,,,,,,,,,,,,,,,,,,,,,,,,,,,,,,,,,,,,,,,,,,,,,,,,,,,,,,,,,,,,,,,,,,,,,,,,,,,,,,,,,,,,,,,,,,,,,3U cPCI,,,,,,,,,,,,,,,,,,,,,,,,,,,,,,,,,,,,,,,,,,,,,,,,,,,,,,,,,,,,,,,,,,,,,,,,,,,,,,,,,,,,,,,,,,,,,,,,,,,,,,,,,,,,,,,,,,,,,,,,,,,,,,,,,,,,,,,4,,50000000,True,16,,,RS-422,,,,,,,,,,,,,,,,,,,,,,,,,,,,,,,,,,,,,,,,,,,,,,,,,,,,,
88,Links-C3U-SPI,灵思创奇,SPI总线板卡,通信协议,280,1,280,"1) 3U欧规卡规格，兼容CompactPCI PICMG 2.0 R2.1 规范
2) 4通道SPI总线通道，特性如下：
3) 支持CPOL极性和CPHA色值，可组合成四种工作模式
4) 数据宽度：16Bit
5) 电平规格：RS422
6) 时钟频率：最高50MHz",,,,,,,,,,,,,,,,,,,,,,,,,,,,,,,,,,,,,,,,,,,,,,,,,,,,,,,,,,,,,,,,,,,,,,,,,,,,,,,,,,,,,,,,,,,,,TE-5787082-7,,,,,,,,,,,,,,,,,,,,,,,,,,,,,,,,,,,,,,,,,,,,,,,,,,,,,,,,,,,,,,,,,,,,,,,,,,,,,,,,,,,,,,,,,,,,,,,,,,,,,,,,,,,,,,,,,,,,,,,,,,,,,,,3U cPCI,,,,,,,,,,,,,,,,,,,,,,,,,,2048,4,32,8,Slave,"{""5V CMOS"",""5V TTL""}","{""100"",""400"",""1000""}",,,,,,,,,,,,,,,,,,,,,,,,,,,,,,,,,,,,,,,,,,,,,,,,,,,,,,,,,,,,,,,,,,,,,,,,,,,,,,,,,,,,,,,,,,,,,,,,,,,,,,,,,,,,,,,,,,,,,,,,,,,,,,,,,,,,,,,,,,,,,,,,,,,,,,,,,,,,,,,,,,,
89,Links-C3U-I2C,灵思创奇,I2C通讯板卡,通信协议,280,1,280,"1) 3U cPCI总线板卡
2) 4通道I2C总线接口
支持三中速度模式：
标准工作模式 (100kbps)
快速工作模式 (400kbps) 
快速+工作模式(1.0Mbps) 
3) I2C接口类型：从设备接口
4) 地址空间2k@8Bit
5) 支持字节宽度配置：8～32位
6) 电平规格：5V CMOS/TTL
7) 输出接口：TE-5787082-7",,,,,,,,,,,,,,,,,,,,,,,,,,,,,,,,,,,,,,,,,,,,,,,,,,,,,,,,,,,,,,,,,,,,,,,,,,,,,,,,,,,,,,,,,,,,,,,,,,,,,,,,,,,,,,,,,,,,,,,,,,,,,,,,,,,,,,,,,,,,,,,,,,,,,,,,,,,,,,,,,,,,,,,,,,,,,,,,,,,,,,,,,,,,,,,,,,,,,,,,,,,,,,,,,,,,,,,,,,,,3U cPCI,,,,,,,,,,,,,,,,,,,,,,,,,,,,,,,,,,,,,,,,,,,,,,,,,,,,,,,,,,,,,,,,,,,4,4096,True,True,5V RS422,三线制,,,,,,,,,,,,,,,,,,,,,,,,,,,,,,,,,,,,,,,,,,,,,,,,,,,,,,,,,,,,,,,,,,,,,,,,,,,,,,,,,,,,,,,,,,,,,,,,,,,,,,,,,,,,,,,,,,,,,,,,,,,
90,Links-C3U-PCM,灵思创奇,PCM通讯板卡,通信协议,250,1,250,"3U cPCI板卡
4通道PCM通讯
支持三线制通讯——使能、时钟和数据
差分模式，采用5V RS422电平规格
收发通道独立FIFO，深度4096字节
提供FIFO满、半满中断",,,,,,,,,,,,,,,,,,,,,,,,,,,,,,,,,,,,,,,,,,,,,,,,,,,,,,,,,,,,,,,,,,,,,,,,,,,,,,,,,,,,,,,,,,,,,,,,,,,,,,,,,,,,,,,,,,,,,,,,,,,,,,,,,,,,,,,,,,,,,,,,,,,,,,,,,,,,,,,,,,,,,,,,,,,,,,,,,,,,,,,,,,,,,,,,,,,,,,,,,,,,,,,,,,,,,,,,,,,,3U cPCI,,,,,,,,,,,,,,,,,,,,,,,,,,,,,,,,,4,4096,True,True,5V RS422,三线制,,,,,,,,,,,,,,,,,,,,,,,,,,,,,,,,,,,,,,,,,,,,,,,,,,,,,,,,,,,,,,,,,,,,,,,,,,,,,,,,,,,,,,,,,,,,,,,,,,,,,,,,,,,,,,,,,,,,,,,,,,,,,,,,,,,,,,,,,,,,,,,,,,,,,,,,,,,,,
91,Links-C3U-LVDS,灵思创奇,LVDS通讯板卡,通信协议,280,1,280,"3U cPCI板卡
4通道LVDS通讯
支持三线制通讯——使能、时钟和数据
差分模式，采用5V RS422电平规格
收发通道独立FIFO，深度4096字节
提供FIFO满、半满中断",,,,,,,,,,,,,,,,,,,,,,,,,,,,,,,,,,,,,,,,,,,,,,,,,,,,,,,,,,,,"{""2000000"",""1000000"",""0"",""250000""}",5,32,8,255,0,,,,,,,,,,,,,,,,,,,,,,,,,,,,,,,,,,,,,,,,,,,,,,,,,,,,,,,,,,,,,,,,,,,,,,,,,,,,,,,,,,,,,,,,,,,,,,,,,,,,,,,,,,,,,,,,,,,,,,,,,,,,,,,,,,,,,,,,,,,,,,,,,,,,,,,,,,,3U cPCI,,,,,,,,,,,,,,,,,,,,,,,,,,,,,,,,,,,,,,,,,,,,,,,,,,,,,,,,,,,,,,,,,,,,,,,,,,,,,,,,,,,,,,,,,,,,,,,,,,,,,,,,,,,,,,,,,,,,,,,,,,,,,,,,,,,,,,,,,,,,,,,,,,,,,,,,,,,,,,,,,,,,,,,,,,,,,,,,,,,,,,,,,,,,,,,,,,,
92,Links-C3U-BISSC,灵思创奇,BISS-C总线板卡,通信协议,380,1,380,"1) 3U欧规卡规格，兼容CompactPCI PICMG 2.0 R2.1 规范
2) 5通道BISS-C总线
3) 数据位宽：8～32位
4) 波特率：2MHz、1MHz、0KHz和250KHz
5) SSI测量间隔：0-255uS",,,,,,,,,,,,,,,,,,,,,,,,,,,,,,,,,,,,,,,,,,,,,,,,,,,,,,,,,,,,,,,,,,,,,,,,,,,,,,,,,,,,,,,,,,,,,,,,,,,,,,,,,,,,,,,,,,,,,,,,,,,,,,,,,,,,,,,,,,,,,,,,,,,,,,,,,,,,,,,,,,,,,,,,,,,,,,,,,,,,,,,,,,,,,,,,,,,,,,,,,,,,,,,,,,,,,,,,,,,,3U cPCI,,,,,,,,,,,,,,,,,,,,,,,,,,,,,,,,,,,,,,,,,,,,,,,,,,,,,,,,1,,False,,"{""BC"",""RT"",""BM""}",True,,True,,,,,,,,,,,,,,,,,,,,,,,,,,,,,,,,,,,,,,,,,,,,,,,,,,,,,,,,,,,,,,,,,,,,,,,,,,,,,,,,,,,,,,,,,,,,,,,,,,,,,,,,,,,,,,,,,,,,,,,,,,,,,,,,,,,,
93,Links-C3U-1553-1SA-ZK,灵思创奇,1553B接口板卡,通信协议,350,1,350,3U CPCI总线，单通道（双冗余）单功能MIL-STD-1553，BC/RT/BM三种工作模式软件可选择其中一种工作模式,,,,,,,,,,,,,,,,,,,,,,,,,,,,,,,,,,,,,,,,,,,,,,,,,,,,,,,,,,,,,,,,,,,,,,,,,,,,,,,,,,,,,,,,,,,,,,,,,,,,,,,,,,,,,,,,,,,,,,,,,,,,,,,,,,,,,,,,,,,,,,,,,,,,,,,,,,,,,,,,,,,,,,,,,,,,,,,,,,,,,,,,,,,,,,,,,,,,,,,,,,,,,,,,,,,,,,,,,,,,3U CPCI,,,,,,,,,,,,,,,,,,,,,,,,,,,,,,,,,,,,,,,,,,,,,,,,,,,,,,,,1,,True,True,"{""BC"",""RT"",""BM""}",True,31,,,,,,,,,,,,,,,,,,,,,,,,,,,,,,,,,,,,,,,,,,,,,,,,,,,,,,,,,,,,,,,,,,,,,,,,,,,,,,,,,,,,,,,,,,,,,,,,,,,,,,,,,,,,,,,,,,,,,,,,,,,,,,,,,,,,,
94,Links-C3U-1553-1MA-ZK,灵思创奇,1553B接口板卡,通信协议,450,1,450,3U CPCI总线，单通道（双冗余）多功能MIL-STD-1553， BC&31RT&BM三种工作模式可同时工作,,,,,,,,,,,,,,,,,,,,,,,,,,,,,,,,,,,,,,,,,,,,,,,,,,,,,,,,,,,,,,,,,,,,,,,,,,,,,,,,,,,,,,,,,,,,,,,,,,,,,,,,,,,,,,,,,,,,,,,,,,,,,,,,,,,,,,,,,,,,,,,,,,,,,,,,,,,,,,,,,,,,,,,,,,,,,,,,,,,,,,,,,,,,,,,,,,,,,,,,,,,,,,,,,,,,,,,,,,,,3U cPCI,,,,,,,,,,,,,,,,,,,,,,,,,,,,,,,,,,,,,,,,,,,,,,,,,,,,,,,,2,,False,,"{""BC"",""RT"",""BM""}",True,,True,,,,,,,,,,,,,,,,,,,,,,,,,,,,,,,,,,,,,,,,,,,,,,,,,,,,,,,,,,,,,,,,,,,,,,,,,,,,,,,,,,,,,,,,,,,,,,,,,,,,,,,,,,,,,,,,,,,,,,,,,,,,,,,,,,,,
95,Links-C3U-1553-2SA-ZK,灵思创奇,1553B接口板卡,通信协议,550,1,550,3U CPCI总线，双通道（双冗余）单功能MIL-STD-1553，BC/RT/BM三种工作模式软件可选择其中一种工作模式,,,,,,,,,,,,,,,,,,,,,,,,,,,,,,,,,,,,,,,,,,,,,,,,,,,,,,,,,,,,,,,,,,,,,,,,,,,,,,,,,,,,,,,,,,,,,,,,,,,,,,,,,,,,,,,,,,,,,,,,,,,,,,,,,,,,,,,,,,,,,,,,,,,,,,,,,,,,,,,,,,,,,,,,,,,,,,,,,,,,,,,,,,,,,,,,,,,,,,,,,,,,,,,,,,,,,,,,,,,,3U cPCI,,,,,,,,,,,,,,,,,,,,,,,,,,,,,,,,,,,,,,,,,,,,,,,,,,,,,,,,2,,True,True,"{""BC"",""RT"",""BM""}",True,31,,,,,,,,,,,,,,,,,,,,,,,,,,,,,,,,,,,,,,,,,,,,,,,,,,,,,,,,,,,,,,,,,,,,,,,,,,,,,,,,,,,,,,,,,,,,,,,,,,,,,,,,,,,,,,,,,,,,,,,,,,,,,,,,,,,,,
96,Links-C3U-1553-2MA-ZK,灵思创奇,1553B接口板卡,通信协议,680,1,680,3U CPCI总线，双通道（双冗余）多功能MIL-STD-1553， BC&31RT&BM三种工作模式可同时工作,,,,,,,,,,,,,,,,,,,,,,,,,,,,,,,,,,,,,,,,,,,,,,,,,,,,,,,,,,,,,,,,,,,,,,,,,,,,,,,,,,,,,,,,,,,,,,,,,,,,,,,,,,,,,,,,,,,,,,,,,,,,,,,,,,,,,,,,,,,,,,,,,,,,,,,,,,,,,,,,,,,,,,,,,,,,,,,,,,,,,,,,,,,,,,,,,,,,,,,,,,,,,,,,,,,,,,,,,,,,,,,,,,,,,,,,,,,,,,,,,,,,,,,,,,,,,,,,,,,,,,,,,,,,,,,,,,,,,,,,,,,,,,,,,,,,,,,,,,,,,,,,,,,,,,,,,,,,,,,,,,,,,,,,,,,,,,,,,,,,,,,,,,,,,,,,,,,,,,,,,,,,,,,,,,,,,,,,,,,,,,78,,,,,,,,,,,,,,,,,,,,,,,,,,,,,,,,,
97,TNG1-1-78,灵思创奇,1553B终端器板卡,通信协议,0,1,0,终端电阻，78欧姆,,,,,,,,,,,,,,,,,,,,,,,,,,,,,,,,,,,,,,,,,,,,,,,,,,,,,,,,,,,,,,,,,,,,,,,,,,,,,,,,,,,,,,,,,,,,,,,,,,,,,,,,,,,,,,,,,,,,,,,,,,,,,,,,,,,,,,,,,,,,,,,,,,,,,,,,,,,,,,,,,,,,,,,,,,,,,,,,,,,,,,,,,,,,,,,,,,,,,,,,,,,,,,,,,,,,,,,,,,,,,,,,,,,,,,,,,,,,,,,,,,,,,,,,,,,,,,,,,,,,,,,,,,,,,,,,,,,,2,2,,,,,,,,,,,,,,,,,,,,,,,,,,,,,,,,,,,,,,,,,,,,,,,,,,,,,,,,,,,,,,,,,,,,,,,,,,,,,,,,,,,,,,,,,,,,,,,,,,,,,,,,,,,,,,,,,,,,,,,,,,,,,,,,,,,,,,,,,,
98,ESI-210,灵思创奇,1553B耦合器板卡,通信协议,40,1,40,双口1553B耦合器,,,,,,,,,,,,,,,,,,,,,,,,,,,,,,,,,,,,,,,,,,,,,,,,,,,,,,,,,,,,,,,,,,,,,,,,,,,,,,,,,,,,,,,,,,,,,,,,,,,,,,,,,,,,,,,,,,,,,,,,,,,,,,,,,,,,,,,,,,,,,,,,,,,,,,,,,,,,,,,,,,,,,,,,,,,,,,,,,,,,,,,,,,,,,,,,,,,,,,,,,,,,,,,,,,,,,,,,,,,,,,,,,,,,,,,,,,,,,,,,,,,,,,,,,,,,,,,,,,,,,,,,,,,,,,,,,,,,4,4,,,,,,,,,,,,,,,,,,,,,,,,,,,,,,,,,,,,,,,,,,,,,,,,,,,,,,,,,,,,,,,,,,,,,,,,,,,,,,,,,,,,,,,,,,,,,,,,,,,,,,,,,,,,,,,,,,,,,,,,,,,,,,,,,,,,,,,,,,
99,ESI-410,灵思创奇,1553B耦合器板卡,通信协议,60,1,60,4口1553B耦合器,,,,,,,,,,,,,,,,,,,,,,,,,,,,,,,,,,,,,,,,,,,,,,,,,,,,,,,,,,,,,,,,,,,,,,,,,,,,,,,,,,,,,,,,,,,,,,,,,,,,,,,,,,,,,,,,,,,,,,,,,,,,,,,,,,,,,,,,,,,,,,,,,,,,,,,,,,,,,,,,,,,,,,,,,,,,,,,,,,,,,,,,,,,,,,,,,,,,,,,,,,,,,,,,,,,,,,,,,,,,,,,,,,,,,,,,,,,,,,,,,,,,,,,,,,,,,,,,,,,,,,,,,,,,,,,,,,,,8,8,,,,,,,,,,,,,,,,,,,,,,,,,,,,,,,,,,,,,,,,,,,,,,,,,,,,,,,,,,,,,,,,,,,,,,,,,,,,,,,,,,,,,,,,,,,,,,,,,,,,,,,,,,,,,,,,,,,,,,,,,,,,,,,,,,,,,,,,,,
100,ESI-810,灵思创奇,1553B耦合器板卡,通信协议,80,1,80,8口1553B耦合器,,,,,,,,,,,,,,,,,,,,,,,,,,,,,,,,,,,,,,,,,,,,,,,,,,,,,,,,,,,,,,,,,,,,,,,,,,,,,,,,,,,,,,,,,,,,,,,,,,,,,,,,,,,,,,,,,,,,,,,,,,,,,,,,,,,,,,,,,,,,,,,,,,,,,,,,,,,,,,,,,,,,,,,,,,,,,,,,,,,,,,,,,,,,,,,,,,,,,,,,,,,,,,,,,,,,,,,,,,,,,,,,,,,,,,,,,,,,,,,,,,,,,,,,,,,,,,,,,,,,,,,,,,,,,,,,,,,2.0,,,,,,,,,,,,,,,,,,,,,,,,,,,,,,,,,,,,,,,,,,,,,,,,,,,,,,,,,,,,,,,,,,,,,,,,,,,,,,,,,,,,,,,,,,,,,,,,,,,,,,,,,,,,,,,,,,,,,,,,,,,,,,,,,,,,,,,,,,,,
101,定制,灵思创奇,1553B测试电缆板卡,通信协议,10,1,10,2米1553B电缆,,"{""12.5"",""48"",""100""}",4,1024,512,4,1024,,,,,,,,,,,,,,,,,,,,,,,,,,,,,,,,,,,,,,,,,,,,,,,,,,,,,,,,,,,,,,,,,,,,,,,,,,,,,,,,,,,,,,,,,,,,,,,,,,,,,,,,,,,,,,,,,,,,,,,,,,,,,,,,,,,,,,,,,,,,,,,,,,,,,,,,,,,,,,,,,,,,,,,,,,,,,,,,,,,,,,,,,,,,,,,,,,,,,,,,,,,,,,,,,,,,,3U cPCI,,,,,,,,,,,,,,,,,,,,,,,,,,,,,,,,,,,,,,,,,,,,,,,,,,,,,,,,,,,,,,,,,,,,,,,,,,,,,,,,,,,,,,,,,,,,,,,,,,,,,,,,,,,,,,,,,,,,,,,,,,,,,,,,,,,,,,,,,,,,,,,,,,,,,,,,,,,,,,,,,,,,,,,,,,,,,,,,,,,,,,,,,,,,,,,,,,,
102,Links-C3U-429-0404,灵思创奇,A429接口板卡,通信协议,250,1,250,3U CPCI总线，ARINC429接口卡，12.5kbps、48kbps或100kbps速率，4发4收，发送FIFO容量1024字节，接收FIFO容量不加时间标签1024字节，加时间标签512字节,,"{""12.5"",""48"",""100""}",8,1024,512,8,1024,,,,,,,,,,,,,,,,,,,,,,,,,,,,,,,,,,,,,,,,,,,,,,,,,,,,,,,,,,,,,,,,,,,,,,,,,,,,,,,,,,,,,,,,,,,,,,,,,,,,,,,,,,,,,,,,,,,,,,,,,,,,,,,,,,,,,,,,,,,,,,,,,,,,,,,,,,,,,,,,,,,,,,,,,,,,,,,,,,,,,,,,,,,,,,,,,,,,,,,,,,,,,,,,,,,,,3U cPCI,,,,,,,,,,,,,,,,,,,,,,,,,,,,,,,,,,,,,,,,,,,,,,,,,,,,,,,,,,,,,,,,,,,,,,,,,,,,,,,,,,,,,,,,,,,,,,,,,,,,,,,,,,,,,,,,,,,,,,,,,,,,,,,,,,,,,,,,,,,,,,,,,,,,,,,,,,,,,,,,,,,,,,,,,,,,,,,,,,,,,,,,,,,,,,,,,,,
103,Links-C3U-429-0808-A,灵思创奇,A429接口板卡,通信协议,350,1,350,3U CPCI总线，ARINC429接口卡，12.5kbps、48kbps或100kbps速率，8发8收，发送FIFO容量1024字节，接收FIFO容量不加时间标签1024字节，加时间标签512字节,,"{""12.5"",""48"",""100""}",16,1024,512,16,1024,,,,,,,,,,,,,,,,,,,,,,,,,,,,,,,,,,,,,,,,,,,,,,,,,,,,,,,,,,,,,,,,,,,,,,,,,,,,,,,,,,,,,,,,,,,,,,,,,,,,,,,,,,,,,,,,,,,,,,,,,,,,,,,,,,,,,,,,,,,,,,,,,,,,,,,,,,,,,,,,,,,,,,,,,,,,,,,,,,,,,,,,,,,,,,,,,,,,,,,,,,,,,,,,,,,,,3U cPCI,,,,,,,,,,,,,,,,,,,,,,,,,,,,,,,,,,,,,,,,,,,,,,,,,,,,,,,,,,,,,,,,,,,,,,,,,,,,,,,,,,,,,,,,,,,,,,,,,,,,,,,,,,,,,,,,,,,,,,,,,,,,,,,,,,,,,,,,,,,,,,,,,,,,,,,,,,,,,,,,,,,,,,,,,,,,,,,,,,,,,,,,,,,,,,,,,,,
104,Links-C3U-429-1616,灵思创奇,A429接口板卡,通信协议,450,1,450,3U CPCI总线，ARINC429接口卡，12.5kbps、48kbps或100kbps速率，16发16收，发送FIFO容量1024字节，接收FIFO容量不加时间标签1024字节，加时间标签512字节,True,"{""10"",""12.5"",""48"",""50"",""100"",""150""}",8,,,8,,,,,,,,,,,,,,,,,,,,,,,,,,,,,,,,,,,,,,,,,,,,,,,,,,,,,,,,,,,,"{""CPCI""}",,,,,,,,,,,,,,,,,,,,,,,,,,,,,,,,,,,,,,,,,,,,,,,,,,,,,,,,,,,,,,,,,,,,,,,,,,,,,,,,,,,,,,,,,,,,,,,,,,,,,,,,,,,,,,,,,,,,,,,,,,,,,,,,,,,,,,,,,,,,,,,,,,,,,,,,,,,,,,,,,,,,,,,,,,,,,,,,,,,,,,,,,,,,,,,,,,,,,,,,,,,,,,,,,,,,,,,,,,,,,,,,,,,,,,,,,,,,,,,,,,,,,,,,,,,,,,,,,,,,,,,,,,,,,,,,,,,,,,,,,,,,,,,,,,,,,,,,,,,,,,,,,,,,,,,,,,,,,,,,,,,,,,,,,,,,,,,,,,,,,,,,,,,,,
105,Links-C3U-429-0808-B,灵思创奇,A429接口板卡,通信协议,240,1,240,CPCI总线，ARINC-429通讯接口，8收8发，波特率可设置为10K/12.5K/48K/50K/100K/150K，支持动态更改,True,"{""10"",""12.5"",""48"",""50"",""100"",""150""}",16,,,16,,,,,,,,,,,,,,,,,,,,,,,,,,,,,,,,,,,,,,,,,,,,,,,,,,,,,,,,,,,,CPCI,,,,,,,,,,,,,,,,,,,,,,,,,,,,,,,,,,,,,,,,,,,,,,,,,,,,,,,,,,,,,,,,,,,,,,,,,,,,,,,,,,,,,,,,,,,,,,,,,,,,,,,,,,,,,,,,,,,,,,,,,,,,,,,,,,,,,,,,,,,,,,,,,,,,,,,,,,3U,,,,,,,,,,,,,,,,,,,,,,,,,,,,,,,,,,,,,,,,,,,,,,,,,,,,,,,,,,,,,,,,,,,,,,,,,,,,,,,,,,,,,,,,,,,,,,,,,,,,,,,,,,,,,,,,,,,,,,,,,,,,,,,,,,,,,,,,,,,,,,,,,,,,,,,,,,,,,,,,,,,,,,,,,,,,,,,,,,,,,,,,,,,,,,,,,,,
106,Links-C3U-429-1616-B,灵思创奇,A429接口板卡,通信协议,480,1,480,CPCI总线，3U，ARINC-429通讯接口，16收16发，波特率可设置为10K/12.5K/48K/50K/100K/150K，支持动态更改,,,,,,,,,,,,,,,,,,,,,,,,,,,,,,,,,,,,,,,,,,,,,,,,,,"{""8388608"",""16777216""}",2,True,True,4,True,8388608,2,8388608,2,,,,,,,"{""PCI""}",,,,,,,,,,,,,,,,,,,,,,,,,,,,,,,,,,,,,,,,,,,,,,,,,,,,,,,,,,,,,,,,,,,,,,,,,,,,,,,,,,,,,,,,,,,,,,,,,,,,,,,,,,,,,,,,,,,,,,,,,,,,,,,,,,,,,,,,,,,,,,,,,,,,,,,,"{""10"",""100""}",,3U cPCI,,,,,,,,,,,,,,,,,,,,,,,,,,,,,,,,,,,,,,,,,,,,,,,,,,,,,,,,,,,,,,,,,,,,,,,,,,,,,,,,,,,,,,,,,,,,,,,,,,,,,,,,,,,,,,,,,,,,,,,,,,,,,,,,,,,,,,,,,,,,,,,,,,,,,,,,,,,,,,,,,,,,,,,,,,,,,,,,,,,,,,,,,,,,,,,,,,,
107,Links-C3U-AFDX-02,灵思创奇,AFDX接口板卡,通信协议,980,1,980,"3U CPCI，支持ARINC664规范；2路双冗余通道（2路发送，2路接收，4个10/100M端口），发送存储深度：8MByte/通道（可选16M），接收存储深度：8MByte/通道（可选16M），硬件实现AFDX协议栈；32bit,33MHz； 支持时间来源于IRIG（可选）",,,,,,,,,,,,,,,,,,,,,,,,,,,,,,,,,,,,,,,,,,,,,,,,,,"{""8388608"",""16777216""}",1,True,True,,True,8388608,,8388608,,,,,,,,PCI,33,32,,,,,,,,,,,,,,,,,,,,,,,,,,,,,,,,,,,,,,,,,,,,,,,,,,,,,,,,,,,,,,,,,,,,,,,,,,,,,,,,,,,,,,,,,,,,,,,,,,,,,,,,,,,,,,,,,,,,,,,,,,,,,,,,,,,,,,,,,,,,,,,,,,,,,,,,3U cPCI,,,,,,,,,,,,,,,,,,,,,,,,,,,,,,,,,,,,,,,,,,,,,,,,,,,,,,,,,,,,,,,,,,,,,,,,,,,,,,,,,,,,,,,,,,,,,,,,,,,,,,,,,,,,,,,,,,,,,,,,,,,,,,,,,,,,,,,,,,,,,,,,,,,,,,,,,,,,,,,,,,,,,,,,,,,,,,,,,,,,,,,,,,,,,,,,,,,
108,Links-C3U-AFDX-01,灵思创奇,AFDX接口板卡,通信协议,750,1,750,"3U CPCI，支持ARINC664规范；单通道单冗余通道，发送存储深度：8MByte/通道（可选16M），接收存储深度：8MByte/通道（可选16M），硬件实现AFDX协议栈；32bit,33MHz； 支持时间来源于IRIG（可选）",,,,,,,,,,,,,,,,,,,,,,,,,,,,,,,,,,,,,,,,,,,,,,,,,,,,,,,,,,,,,,,,,,,,,,,,,,,,,,,,,,,,,,,,,,,,,,,,,,,,,,,,,,,,,,,,,,,,,,,,,,,,,,,,,,,,,,,,,,,,,,,,,,,,,,,,,,,,,,,,,,,,,,,,,,,,,,,,,,,,,,,,,,,,,,,,,,,,,,,,,,,,,,,,,,,,,,,4,RJ45,,"{""10"",""100"",""1000""}",,,,,,,,,,,,,,,,,,,,,,,,,,,,,,,,,,,,,,,,,,,,,,,,,,,,,,,,,,,,,,,,,,,,,,,,,,,,,,,,,,,,,,,,,,,,,,,,,,,,,,,,,,,,,,,,,,,,,,,,,,,,,,,,,,,,,,,,,,,,,,,,,,,,,,,,,,,,,,,,,,,,,,,,,,,,,,,,,,,,,,,,,,,,,,,,,,,,,
109,Links-C3U-GigE02,灵思创奇,以太网卡接口板卡,通信协议,5800,1,5800,4个10/100/10 Base-T接口，RJ-45连接器，IEEE802.3x Support,,,,,,,,,,,,,,,,,,,,,,,,,,,,,,,,,,,,,,,,,,,,,,,,,,,,,,,,,,,,,,,,,,,,,,,,,,,,,,,,,,,,,,,,,,,,,,,,,,,,,,,,,,,,,,,,,,,,,,,,,,,,,,,,,,,,,,,,,,,,,,,,,,,,,,,,,,,,,,,,,,,,,,,,,,,,,,,,,,,,,,,,,,,,,,,,,,,,,,,,,,,,,,,,,,,,,,,,,,,,,,,,,,,,,,,,,,,,,,,,,,,,,,,,,,,,,,,,,,,,,,,,,,,,,,,,,,,,,,,,,,,,,,,,,,,,,,,,,4,"5V CMOS, 5V RS422",40000000,True,100,4,True,True,True,,,75,,,,,,,,,,,,,,,,,,,,,,,,,,,,,,,,,,,,,,,,,,,,,,,,,,,,,,,,,,,,,,,,,,,,,,,,,,,,,,,,,,,,,,,,,,,,,,,,,,,,,,,,,,,
110,Links-C3U-PPS-4,灵思创奇,秒脉冲板卡,时间与同步,250,1,250,"a) 4通道秒脉冲输出
b) 4通道秒脉冲输入
c) 板载温补晶振频率：40MHz
d) 晶振稳定性：±100ppb
e) 输入输出信号电平：5V CMOS（兼容TTL）和5V RS422电平
f) 输出通道可独立设置为秒脉冲通道或倍频通道
g) 秒脉冲模式支持高低电平宽度配置
h) 倍频通道支持脉冲个数设置
i) 秒脉冲间同步精度：≤75ns",,,,,,,,,,,,,,,,,,,,,,,,,,,,,,,,,,,,,,,,,,,,,,,,,,,,,,,,,,,,,,,,,,,,,,,,,,,,,,,,,,,,,,,,,,,,,,,,,,,,,,,,,,,,,,,,,,,,,,,,,,,,,,,,,,,,,,,,,,,,,,,,,,,,,,,,,,,,,,,,,,,,,,,,,,,,,,,,,,,,,,,,,,,,,,,,,,,,,,,,,,,,,,,,,,,,,,,,,,,,3U cPCI,,,,,,,,,,,,,,,,,,,,,,,,,,,,,,,,,,,,,,,,,,,,,,,,,,,,,,,,,,,,,,,,,,,,,,,,,,,,,8,"{""5V CMOS"",""5V TTL"",""5V RS422""}",40000000,True,100,8,True,,,True,True,,,,,,,,,,,,,,,,,,,,,,,,,,,,,,,,,,,,,,,,,,,,,,,,,,,,,,,,,,,,,,,,,,,,,,,,,,,,,,,,,,,,,,,,,,,,,,,,,,,,,,,,,,,,
112,Links-C3U-RTD02,灵思创奇,RTD电阻输出板卡,可编程电阻,350,1,350,PXI接口，10通道，16位分辨率，0Ω to 65kΩ，提供实时系统驱动,,,,,,,,,,,,,,,,,,10,,,,,,,,,,,,,,,,,,,,,,,,,16,,,,,,,,,,,,,,,,,,,,,,,"{""PXI""}",,,,,,,,,,,,,,,,,,,,,,,,,,,,,,,,,,,,,,,,,,,,,,,,,,,,,,,,,,,,,,,,,,,,,,,,,,,,,,,,,,,,,,,,,,,,,,,,,,,,,,,,,,,,,,,,,,,,,,,,True,,,,,,,,,,,,,,,,,,,,,,,,,,,,,,,,,,,,,,,,,,,,,,,,,,,,,,,,,,,,,,,,,,,,,,,,,,,,,,,,,,,,,,,,,,,,,,,,,,,,,,,,,,,,,,,,,,,,,,,,,,,,,,,,,,,,,,,,,,,,,,,,,,,,,,,,,,,,,,,,,,,65000,0,,,,,,,,,,,,,,,,,,,,,,,,,,,,,,,,,,,,,,,,,,,,,,,,,,,,,,,,,,,,,,,,,
113,Links-C3U-RTD03,灵思创奇,RTD电阻输出板卡,可编程电阻,350,1,350,PXI接口，18通道，8位分辨率，0Ω to 255Ω，提供实时系统驱动,,,,,,,,,,,,,,,,,,,,,,,,,,,,,,,,,,,,,,,,,,,,,,,,,,,,,,,,,,,,,,,,,,"{""PXI""}",,,,,,,,,,,,,,,,,,,,,,,,,,,,,,,,,,,,,,,,,,,,,,,,,,,,,,,,,,,,,,,,,,,,,,,,,,,,,,,,,,,,,,,,,,,,,,,,,,,,,,,,,,,,,,,,,,,,,,,,True,,,,,,,,,,,,,,,,,,,,,,,,,,,,,,,,,,,,,,,,,,,,,,,,,,,,,,,,,,,,,,,,,,,,,,,,,,,,,,,,,,,,,,,,,,,,,,,,,,,,,,,,,,,,,,,,,,,,,,,,,,,,,,,,,,,,,,,,,,,,,,,,,,,,,,,,,,,,,,,,18,,,255,0,8,,,,,,,,,,,,,,,,,,,,,,,,,,,,,,,,,,,,,,,,,,,,,,,,,,,,,,,,,,,,,,,,
114,Links-C3U-RTD01S,灵思创奇,RTD小电阻模拟板卡,可编程电阻,200,1,200,3U CPCI，4通道，分辨率为0.1欧姆，0.2~1.6欧姆，提供实时系统驱动,,,,,,,,,,,,,,,,,,,,,,,,,,,,,,,,,,,,,,,,,,,,,,,,,,,,,,,,,,,,,,,,,,,,,,,,,,,,,,,,,,,,,,,,,,,,,,,,,,,,,,,,,,,,,,,,,,,,,,,,,,,,,,,,,,,,,,,,,,,,,,,,,,,,,,,,,,,,,,,,,,,,,,,,,,,,,,,,,,,,,,,,,,True,,,,,,,,,,,,,,,,,,,,,,,,,,,,,,,,,,3U cPCI,,,,,,,,,,,,,,,,,,,,,,,,,,,,,,,,,,,,,,,,,,,,,,,,,,,,,,,,,,,,,,,,,,,,,,,,,,,,,,,,,,,,,,,,,,,,,,,,,,,,,,,,,,,,,,,,,,,,,,,,,,,,,,4,,,1.6,0.2,,0.1,,,,,,,,,,,,,,,,,,,,,,,,,,,,,,,,,,,,,,,,,,,,,,,,,,,,,,,,,,,,,,,
115,Links-C3U-RTD04,灵思创奇,RTD模拟板卡,可编程电阻,250,1,250,"3U欧规卡规格，兼容CompactPCI PICMG 2.0 R2.1 规范
8通道RTD；
12位分辨率，步进1欧姆；
范围：1欧姆～4095欧姆。
提供实时系统、Windows驱动",,,,,,,,,,,,,,,,,,,,,,,,,,,,,,,,,,,,,,,,,,,,,,,,,,,,,,,,,,,,,,,,,,,,,,,,,,,,,,,,,,,,,,,,,,,,,,,,,,,,,,,,,,,,,,,,,,,,,,,,,,,,,,,,,,,,,,,,,,,,,,,,,,,,,,,,,,,,,,,,,,,,,,,,,,,,,,,,,,,,,,,,,,True,True,,,,,,,,,,,,,,,,,,,,,,,,,,,,,,,,,3U cPCI,,,,,,,,,,,,,,,,,,,,,,,,,,,,,,,,,,,,,,,,,,,,,,,,,,,,,,,,,,,,,,,,,,,,,,,,,,,,,,,,,,,,,,,,,,,,,,,,,,,,,,,,,,,,,,,,,,,,,,,,,,,,,,8,,,4095,1,12,1,,,,,,,,,,,,,,,,,,,,,,,,,,,,,,,,,,,,,,,,,,,,,,,,,,,,,,,,,,,,,,,
116,Links-C3U-RTD05,灵思创奇,可编程电阻模拟板卡,可编程电阻,390,1,390,"通道数：8
电阻范围：3欧～100欧
分辨率：0.125欧
精度：±0.1%±0.125欧
 连接器：DB-37公座",,,,,,,,,,,,,,8,,,,,,,,,,,,,,,,,,,,,,,,,,,,,,,,,,,,,,,,,,,,,,,,,,,,,,,,,,,,,,,,,,,,,,,,,,,,,,,DB-37公座,,,,,,,,,,,,,,,,,,,,,,,,,,,,,,,,,,,,,,,,,,,,,,,,,,,,,,,,,,,,,,,,,,,,,,,,,,,,,,,,,,,,,,,,,,,,,,,,,,,,,,,,,,,,,,,,,,,,,,,,,,,,,,,,,,,,,,,,,,,,,,,,,,,,,,,,,,,,,,,,,,,,,,,,,,,,,,,,,,,,,,,,,,,,,,,,,,,,,,,,,,,,,,,,,,,,,,,,,,,,,,,,,,,,,,,,,,,,,,,,,,,,,,,,,,,0.125,0.1,,,,100.0,3.0,,0.125,,,,,,,,,,,,,,,,,,,,,,,,,,,,,,,,,,,,,,,,,,,,,,,,,,,,,,,,,,,,,,,
117,Links-C3U-RTD06,灵思创奇,RTD模拟板卡,可编程电阻,210,1,210,"4通道模拟量采集
电阻范围：0-159999.9欧姆
电阻步进：100m欧姆
每通道功率：400mW（功率不得超过400mW）
输入最大电压范围：0-40V
阻值精度：±（0.1%设定值+100mΩ）
",,,,,,,,,,,,,,4,,,,,,,,,,,,,,,,,,,,,,,,,,,,,,,,,,,,,,,,,,,,,,,,,,,,,,,,,,,,,,,,,,,,,,,,,,,,,,,,,,,,,,,,,,,,,,,,,,,,,,,,,,,,,,,,,,,,,,,,,,,,,,,,,,,,,,,,,,,,,,,,,,,,,,,,,,,,,,,,,,,,,,,,,,,,,,,,,,,,,,,,,,,,,,,,,,,,,,,,,,,,,,,,,,,,,,,,,,,,,,,,,,,,,,,,,,,,,,,,,,,,,,,,,,,,,,,,,,,,,,,,,,,,,,,,,,,,,,,,,,,,,,,,,,,,,,,,,,,,,,,,,,,,,,,,,,,,,,,,,,,,,,,,,,0.1,0.1,4,40.0,400,159999.9,0.0,,0.1,,,,,,,,,,,,,,,,,,,,,,,,,,,,,,,,,,,,,,,,,,,,,,,,,,,,,,,,,,,,,,,
118,Links-C3U-RTD07,灵思创奇,RTD模拟板卡,可编程电阻,350,1,350,"8通道模拟量采集
电阻范围：0-511.75欧姆
电阻步进：250m欧姆
每通道功率：400mW
输入最大电压范围：0-40V（功率不得超过400mW）
阻值精度：±（0.1%设定值+250mΩ）
",,,,,,,,,,,,,,8,,,,,,,,,,,,,,,,,,,,,,,,,,,,,,,,,,,,,,,,,,,,,,,,,,,,,,,,,,,,,,,,,,,,,,,,,,,,,,,,,,,,,,,,,,,,,,,,,,,,,,,,,,,,,,,,,,,,,,,,,,,,,,,,,,,,,,,,,,,,,,,,,,,,,,,,,,,,,,,,,,,,,,,,,,,,,,,,,,,,,,,,,,,,,,,,,,,,,,,,,,,,,,,,,,,,,,,,,,,,,,,,,,,,,,,,,,,,,,,,,,,,,,,,,,,,,,,,,,,,,,,,,,,,,,,,,,,,,,,,,,,,,,,,,,,,,,,,,,,,,,,,,,,,,,,,,,,,,,,,,,,,,,,,,,0.25,0.1,8,40.0,400.0,511.75,0.0,,0.25,,,,,,,,,,,,,,,,,,,,,,,,,,,,,,,,,,,,,,,,,,,,,,,,,,,,,,,,,,,,,,,
119,Links-C3U-RTD08,灵思创奇,RTD模拟板卡,可编程电阻,350,1,350,"8通道模拟量采集
电阻范围：0-4095欧姆
电阻步进：100m欧姆
每通道功率：400mW（功率不得超过400mW）
输入最大电压范围：0-40V
阻值精度：±（0.1%设定值+100mΩ）
",,,,,,,,,,,,,,8,,,,,,,,,,,,,,,,,,,,,,,,,,,,,,,,,,,,,,,,,,,,,,,,,,,,,,,,,,,,,,,,,,,,,,,,,,,,,,,,,,,,,,,,,,,,,,,,,,,,,,,,,,,,,,,,,,,,,,,,,,,,,,,,,,,,,,,,,,,,,,,,,,,,,,,,,,,,,,,,,,,,,,,,,,,,,,,,,,,,,,,,,,,,,,,,,,,,,,,,,,,,,,,,,,,,,,,,,,,,,,,,,,,,,,,,,,,,,,,,,,,,,,,,,,,,,,,,,,,,,,,,,,,,,,,,,,,,,,,,,,,,,,,,,,,,,,,,,,,,,,,,,,,,,,,,,,,,,,,,,,,,,,,,,,0.1,0.1,8,40,400,4095,0,,0.1,,,,,,,,,,,,,,,,,,,,,,,,,,,,,,,,,,,,,,,,,,,,,,,,,,,,,,,,,,,,,,,
120,Links-C3U-RTD09,灵思创奇,PXI热电阻采集板卡,可编程电阻,480,1,450,"PT100采集8通道、PT10采集8通道
采样速率：100S/s；
分辨率：24位。",,,,,,,,,,,,,,,,,,,,,,,,,,,,,,,,,,,,,,,,,,,,8,8,24,100,,,,,,,,,,,,,,,,,,,,,,,,,,,,,,,,,,,,,,,,,,,,,,,,,,,,,,,,,,,,,,,,,,,,,,,,,,,,,,,,,,,,,,,,,,,,,,,,,,,,,,,,,,,,,,,,,,,,,,,,,,,,,,,,,,,,,,,,,,,,,,,,,,,,,,,,,,,,,,,,,,,,,,,,,,,,,,,,,,,,,,,,,,,,,,,,,,,,,,,,,,,,,,,,,,,,,,,,,,,,,,,,,,,,,,,,,,,,,,,,,,,,,,,,,,,,,,,,,,,,,,,,,,,,,,,,,,,,,,,,,,,,,,,,,,,,,,,,,,,,,,,,,,,,,,,,,,,,,,,,,,,,,,,,,,,,,,,,,,,,,,,,,,,,,,,,,,,,,,,,,,,,,,,,
121,Links-C3U-RFM-01,灵思创奇,反射内存板卡,共享/反射内存,240,1,240,"3U CPCI，高速光纤接口，256 M内存, 4 K FIFO,  2.12G波特率，支持300m（多模）传输距离，支持网络中断",,,,,,,,,,,,,,,,,,,,,,,,,,,,,,,,,,,,,,,,,,,,,,,,,,,,,,,,,,,,,,,,,,,,,,,,,,,,,,,,,,,,,,,,,,,,,,,,,,,,,,,,,,,,,,,,,,,,,,,,,,,,,,,,,,,,,,,,,,,,,,,,,,,,,,,,,,,,,,,,,,,,,,,,,,,,,,,,,,,,,,,,,,,,,,,,,,,,,,,,,,,,,,,,,,,,,,,,,,,,3U cPCI,,,,,,,,,,,,,,,,,,,,,,,,,,,,,,,,,,,,,,,,,,,,,,,,,,,,,,,,,,,,,,,,,,,,,,,,,,,,,,,,,,,,,,,,,,,,,,,,,,,,,,,,,,,,,,,,,,,,,2120000000,多模,300,4096,268435456,True,,,,,,,,,,,,,,,,,,,,,,,,,,,,,,,,,,,,,,,,,,,,,,,,,,,,,,,,,,,,,,,,,,,,,,,,,
122,Links-C3U-RFM-02,灵思创奇,反射内存板卡,共享/反射内存,240,1,240,3U CPCI，高速光纤接口，256MB SDRAM ，多模反射内存板卡。 ,,,,,,,,,,,,,,,,,,,,,,,,,,,,,,,,,,,,,,,,,,,,,,,,,,,,,,,,,,,,,,,,,,,,,,,,,,,,,,,,,,,,,,,,,,,,,,,,,,,,,,,,,,,,,,,,,,,,,,,,,,,,,,,,,,,,,,,,,,,,,,,,,,,,,,,,,,,,,,,,,,,,,,,,,,,,,,,,,,,,,,,,,,,,,,,,,,,,,,,,,,,,,,,,,,,,,,,,,,,,3U cPCI,,,,,,,,,,,,,,,,,,,,,,,,,,,,,,,,,,,,,,,,,,,,,,,,,,,,,,,,,,,,,,,,,,,,,,,,,,,,,,,,,,,,,,,,,,,,,,,,,,,,,,,,,,,,,,,,,,,,,,多模,,,268435456,,,,,,,,,,,,,,,,,,,,,,,,,,,,,,,,,,,,,,,,,,,,,,,,,,,,,,,,,,,,,,,,,,,,,,,,,,
123,Links-C3U-AI-05,灵思创奇,高精度模拟量采集板卡,温度-应变-振动,400,1,400,"通道数：8
耦合方式：直流
输入模式：差分
最高采样率：10kSa/s
分辨率：24bits
输入量程：±0.05V、±0.1V、±1V、±10V
直流精度：1V及以上：±0.01%+0.5mV
                    1V以下：  ±0.01%+2uV",,,,,,,,,0.5,0.01,2.0,0.01,,8,,,,,,DC,,,,,,,,,,,,,,差分,,,,,±0.05V、±0.1V、±1V、±10V,,,,24,,,,,,10000.0,,,,,,,,,,,,,,,,,,,,,,,,,,,,,,,,,,,,,,,,,,,,,,,,,,,,,,,,,,,,,,,,,,,,,,,,,,,,,,,,,,,,,,,,,,,,,,,,,,,,,,,,,,,,,,,,,,,,,,,,,,,,,,,,,,,,,,,,,,,,,,,,,,,,,,,,,,,,,,,,,,,,,,,,,,,,,,,,,,,,,,,,,,,,,,,,,,,,,,,,,,,,,,,,,,,,,,,,,,,,,,,,,,,,,,,,,,,,,,,,,,,,,,,,,,,,,,,,,,,,,,,,,,,,,,,,,,,,,,,,,,,,,,,,,,,,,,,,,,,,,,,,,,,,,,,,,,,,,,,,,,,,,,,,,,,,,,,,,,,,,,,,,,,,,,,,,,,,,,,,,,,,,,
